日期,多空交易口數淨額,多空交易契約金額淨額(千元),未平倉淨口數,未平倉契約金額淨額(千元),近月契約,近月最高,近月最低,近月收盤,近月結算價,次月收盤
2024/10/09,114,518869,25522,115865028,202410,22888,22666,22702,22699,22735
2024/10/11,40,189339,25562,117135534,202410,23047,22794,22912,22911,22962
2024/10/14,-30,10807,25532,117627209,202410,23049,22818,23008,23005,23073
2024/10/15,64,403977,25596,119181730,202410,23386,23101,23225,23228,23285
2024/10/16,-748,-3453771,22640,104420208,202410,23203,22855,22986,0,23063
2024/10/17,501,2331914,23141,107633420,202411,23277,23005,23256,23256,23282
2024/10/18,416,1964698,23557,111457590,202411,23840,23527,23657,23657,23678
2024/10/21,-733,-3448645,22824,107610595,202411,23836,23566,23567,23574,23590
2024/10/22,143,676090,22967,108500701,202411,23637,23332,23633,23621,23655
2024/10/23,-432,-2023423,22535,105504363,202411,23511,23336,23406,23409,23429
2024/10/24,-475,-2212436,22060,102755480,202411,23449,23203,23304,23290,23325
2024/10/25,343,1606749,22403,105186565,202411,23487,23252,23481,23476,23500
2024/10/28,-103,-479428,22300,104016120,202411,23657,23216,23326,23322,23346
2024/10/29,355,1628378,22655,104117849,202411,23148,22693,22976,22979,22994
2024/10/30,164,754523,22819,104517700,202411,23145,22845,22904,22901,22919
2024/11/01,863,3924798,23682,107838229,202411,22822,22232,22753,22767,22800
2024/11/04,801,3686412,24483,112798078,202411,23046,22700,23041,23036,23039
2024/11/05,669,3096035,25152,116389857,202411,23239,22782,23135,23137,23142
2024/11/06,383,1785198,25535,119091760,202411,23448,23051,23324,23319,23336
2024/11/07,165,773637,25700,120920534,202411,23576,23085,23532,23525,23545
2024/11/08,-320,-1518378,25380,120678316,202411,23794,23528,23781,23774,23790
2024/11/11,198,935016,25578,120586957,202411,23632,23309,23573,23572,23587
2024/11/12,-321,-1469911,25257,115553894,202411,23242,22863,22869,22875,22892
2024/11/13,338,1542448,25595,116644394,202411,23015,22730,22783,22786,22802
2024/11/14,549,2494771,26144,118655627,202411,22880,22576,22684,22692,22704
2024/11/15,-148,-663741,25996,118361128,202411,22930,22684,22759,22762,22787
2024/11/18,451,2127813,26447,119504810,202411,22789,22544,22574,22573,22611
2024/11/19,573,2708539,27020,123724749,202411,22995,22592,22850,22848,22894
2024/11/20,-316,-1440364,26704,121658083,202411,22956,22668,22686,0,22773
2024/11/21,140,632465,26844,121200660,202412,22733,22514,22573,22575,22607
2024/11/22,77,355129,26921,124008894,202412,23066,22780,23038,23032,23062
2024/11/25,-239,-1104153,26682,123068056,202412,23287,23014,23066,23062,23092
2024/11/26,-865,-3922966,25817,116868396,202412,22845,22615,22636,22634,22671
2024/11/27,-81,-360900,25736,115050214,202412,22690,22341,22347,22352,22380
2024/11/28,1245,5554202,26981,120497146,202412,22385,22117,22337,22330,22363
2024/11/29,171,760645,27152,121135933,202412,22438,22004,22313,22307,22337
2024/12/02,431,1967533,27583,125899845,202412,22828,22498,22827,22822,22852
2024/12/03,573,2647176,28156,130142663,202412,23191,22999,23112,23111,23142
2024/12/04,-500,-2318840,27656,128799524,202412,23296,23071,23294,23286,23322
2024/12/05,-317,-1473992,27339,127137286,202412,23328,23211,23251,23252,23294
2024/12/06,-530,-2458072,26809,124286524,202412,23360,23134,23179,23180,23221
2024/12/09,-337,-1565711,26472,123094800,202412,23287,23170,23249,23250,23296
2024/12/10,-375,-1731216,26097,120453314,202412,23337,23026,23090,23078,23128
2024/12/11,-158,-722874,25939,118525422,202412,23055,22824,22848,22847,22899
2024/12/12,332,1534617,26271,121409176,202412,23211,23003,23107,23107,23160
2024/12/13,-20,-91157,26251,120672381,202412,23092,22888,22986,22984,23034
2024/12/16,-16,68518,26235,120644932,202412,23270,22946,22961,22966,23007
2024/12/17,84,498635,26323,121580285,202412,23215,23024,23031,23030,23095
2024/12/18,0,16165,26323,122028164,202412,23200,22902,23105,0,23183
2024/12/19,-1249,-5708577,25074,114598210,202501,22906,22718,22849,22852,22886
2024/12/20,258,1165469,25332,114657698,202501,22793,22590,22635,22631,22682
2024/12/23,587,2727071,25919,120435226,202501,23245,22899,23242,23233,23280
2024/12/24,-172,-795382,25747,119471229,202501,23459,23187,23216,23201,23260
2024/12/25,100,466640,25847,120581424,202501,23349,23240,23329,23326,23375
2024/12/26,51,237806,25898,120819350,202501,23380,23285,23326,23326,23380
2024/12/27,145,677585,26043,121735399,202501,23378,23148,23372,23372,23428
2024/12/30,-375,-1737990,25668,118950646,202501,23324,23154,23177,23171,23228
2024/12/31,-174,-800001,25494,117496748,202501,23110,22955,23041,23044,23107
2025/01/02,-43,-198418,25451,116275438,202501,22995,22689,22842,22843,22906
2025/01/03,225,1033544,25676,117991490,202501,23108,22905,22977,22977,23045
2025/01/06,842,3966227,26518,125196782,202501,23620,23218,23609,23606,23670
2025/01/07,-715,-3389833,25803,122522966,202501,23990,23723,23752,23742,23814
2025/01/08,-458,-2148013,25345,118863008,202501,23649,23439,23450,23449,23516
2025/01/09,-408,-1885770,24937,115205002,202501,23410,23083,23105,23099,23170
2025/01/10,310,1439872,25247,116440808,202501,23141,22955,23049,23058,23124
2025/01/13,677,3206721,25924,117033806,202501,23008,22431,22535,22540,22619
2025/01/14,420,2135813,26344,120253439,202501,22767,22530,22750,22754,22816
2025/01/15,-86,-383596,26258,118239774,202501,22749,22493,22519,0,22512
2025/01/16,-1701,-7864567,24557,113134099,202502,23217,22990,23031,23035,23082
2025/01/17,-103,-476478,24454,113407870,202502,23318,22956,23190,23188,23228
2025/01/20,-72,-336019,24382,113829805,202502,23417,23222,23346,23343,23360
2025/01/21,98,458541,24480,114375456,202502,23432,23203,23365,23361,23375
2025/01/22,28,132272,24508,116114003,202502,23719,23573,23698,23689,23723
2025/02/03,-40,-185658,24468,110575785,202502,22817,22539,22598,22596,22616
2025/02/04,207,943147,24675,112641375,202502,22945,22708,22822,22825,22857
2025/02/05,291,1350350,24966,115527668,202502,23284,23063,23133,23137,23165
2025/02/06,-277,-1290040,24689,115026051,202502,23379,23234,23290,23295,23324
2025/02/07,-70,-327698,24619,115354786,202502,23465,23278,23431,23428,23454
2025/02/10,-601,-2795102,24018,111616450,202502,23366,23167,23246,23236,23260
2025/02/11,-225,-1048087,23793,111037484,202502,23503,23302,23335,23334,23360
2025/02/12,854,3985538,24647,114909843,202502,23536,23292,23315,23311,23336
2025/02/13,-98,-458149,24549,114895610,202502,23460,23250,23399,23401,23425
2025/02/14,351,1625951,24900,115438108,202502,23349,23116,23179,23180,23203
2025/02/17,-834,-3895698,24066,113181026,202502,23540,23283,23504,23506,23521
2025/02/18,-529,-2473720,23537,111339370,202502,23663,23466,23649,23645,23652
2025/02/19,-565,-2667733,22972,108473784,202502,23697,23560,23608,0,23609
2025/02/20,949,4467717,23921,112600931,202503,23564,23371,23538,23536,23553
2025/02/21,719,3412102,24640,117005504,202503,23761,23474,23745,23743,23761
2025/02/24,-1332,-6270346,23308,109808650,202503,23564,23444,23558,23556,23581
2025/02/25,-267,-1243842,23041,107348019,202503,23345,23138,23299,23295,23314
2025/02/26,491,2299394,23532,110209769,202503,23421,23104,23421,23417,23442
2025/02/27,1226,5680780,24758,114822653,202503,23434,23127,23196,23189,23214
2025/03/03,1550,7046340,26308,119564598,202503,22797,22611,22718,22724,22746
2025/03/04,835,3777110,27143,122621217,202503,22668,22194,22588,22588,22608
2025/03/05,392,1794382,27535,126066244,202503,22927,22637,22888,22892,22915
2025/03/06,101,460642,27636,125810126,202503,23017,22704,22763,22762,22765
2025/03/07,-575,-2591989,27061,121898957,202503,22685,22480,22520,22523,22522
2025/03/10,198,889359,27259,122371087,202503,22547,22315,22446,22446,22450
2025/03/11,740,3262866,27999,123346789,202503,22085,21661,22031,22027,22030
2025/03/12,1064,4725723,29063,129237164,202503,22345,22044,22232,22234,22225
2025/03/13,719,3189295,29782,130582073,202503,22475,21917,21920,21923,21913
2025/03/14,159,699321,29941,131512361,202503,22131,21874,21961,21962,21953
2025/03/17,332,1472170,30273,134142269,202503,22312,22111,22158,22155,22156
2025/03/18,-189,-806497,30084,133861980,202503,22385,22191,22230,22227,22259
2025/03/19,-481,-2115235,29591,130306927,202503,22247,21935,21964,0,22034
2025/03/20,74,331429,29665,132691545,202504,22417,22202,22365,22365,22384
2025/03/21,-346,-1535263,29319,130064948,202504,22377,22173,22177,22181,22201
2025/03/24,-55,-243669,29264,129645373,202504,22399,22124,22160,22151,22170
2025/03/25,160,713710,29424,131236925,202504,22443,22202,22298,22301,22323
2025/03/26,-118,-526633,29306,130728205,202504,22429,22250,22305,22304,22330
2025/03/27,-242,-1063609,29064,127713029,202504,22052,21891,21968,21971,21998
2025/03/28,-188,-808235,28876,124738545,202504,21795,21485,21603,21599,21625
2025/03/31,289,1198368,29165,121116412,202504,21065,20724,20769,20764,20796
2025/04/01,1041,4414427,30206,127994904,202504,21271,20888,21181,21187,21195
2025/04/02,-406,-1728983,29800,126924160,202504,21360,21188,21304,21296,21321
2025/04/07,0,0,29800,114235320,202504,19167,19167,19167,19167,19187
2025/04/08,-2144,-7553973,27656,100496301,202504,18754,18004,18190,18169,18178
2025/04/09,-331,-1199358,27325,93910551,202504,18286,17139,17204,17184,17202
2025/04/10,-20,-75596,27305,103223825,202504,18902,18902,18902,18902,18899
2025/04/11,5326,20531522,32631,127535157,202504,19566,18441,19524,19543,19511
2025/04/14,302,1088098,32933,128359010,202504,19982,19450,19491,19497,19471
2025/04/15,746,2860261,33679,133224083,202504,19833,19517,19798,19794,19779
2025/04/16,-284,-1118744,33403,129262930,202504,19672,19426,19548,0,19353
2025/04/17,1152,4461219,34555,133845337,202505,19406,19112,19369,19367,19315
2025/04/18,1,3963,34556,133621141,202505,19432,19288,19330,19334,19278
2025/04/21,-690,-2632721,33866,129361347,202505,19368,19027,19099,19099,19046
2025/04/22,-3647,-13717518,30219,113641571,202505,19035,18773,18797,18803,18745
2025/04/23,2897,11332106,33116,129536546,202505,19596,19171,19554,19558,19473
2025/04/24,157,615114,33273,129498516,202505,19682,19413,19466,19460,19385
2025/04/25,871,3467435,34144,135708742,202505,20008,19848,19873,19873,19795
2025/04/28,-138,-549784,34006,135785958,202505,20053,19933,19965,19965,19886
2025/04/29,430,1734206,34436,138811670,202505,20207,19963,20154,20155,20078
2025/04/30,-70,-282498,34366,138522631,202505,20268,20065,20149,20154,20075
2025/05/02,990,4097592,35356,146246756,202505,20710,20469,20677,20682,20583
2025/05/05,479,1968528,35835,146371869,202505,20796,20206,20404,20423,20295
2025/05/06,554,2255639,36389,148067258,202505,20483,20150,20337,20345,20206
2025/05/07,24,103348,36413,148398250,202505,20560,20265,20381,20377,20229
2025/05/08,1280,5268824,37693,155129915,202505,20695,20452,20575,20578,20425
2025/05/09,1479,6155874,39172,163308648,202505,20872,20596,20848,20845,20702
2025/05/12,1677,7064603,40849,172162347,202505,21134,20978,21066,21073,20918
2025/05/13,1394,5952849,42243,180418427,202505,21520,21288,21360,21355,21201
2025/05/14,945,4110699,43188,188054173,202505,21787,21579,21768,21772,21628
2025/05/15,-132,-587371,43056,186800634,202505,21810,21676,21694,21695,21563
2025/05/16,-6,-144179,43050,187764100,202505,21878,21679,21821,21823,21695
2025/05/19,-591,-2961959,42459,182377572,202505,21748,21499,21538,21538,21441
2025/05/20,749,2928573,43208,185449150,202505,21772,21505,21539,21543,21451
2025/05/21,878,3799342,44099,191239723,202505,21852,21549,21849,0,21672
2025/05/22,-977,-4198312,43122,185415976,202506,21550,21396,21503,21499,21220
2025/05/23,-895,-3834450,42227,181288957,202506,21640,21372,21470,21466,21185
2025/05/26,-418,-1790115,41809,178783646,202506,21569,21357,21385,21381,21070
2025/05/27,-915,-3878389,40894,173562314,202506,21438,21133,21233,21221,20922
2025/05/28,202,860830,41096,174658000,202506,21512,21150,21252,21250,20945
2025/05/29,-1276,-5448140,39820,169768588,202506,21616,21275,21320,21317,21013
2025/06/02,-2100,-8758688,37720,157443280,202506,21049,20790,20866,20870,20578
2025/06/03,-1255,-5272872,36465,152963382,202506,21221,20955,20971,20974,20685
2025/06/04,1528,6566599,37993,163210330,202506,21533,21261,21482,21479,21191
2025/06/05,1399,6028327,39392,169811034,202506,21677,21512,21553,21554,21260
2025/06/06,-1306,-5634019,38086,164272535,202506,21630,21513,21578,21566,21281
2025/06/09,244,1060056,38330,166497854,202506,21788,21626,21727,21719,21438
2025/06/10,1116,4939787,39446,174478891,202506,22236,21850,22113,22116,21826
2025/06/11,78,326810,39524,176603126,202506,22355,22190,22351,22344,22071
2025/06/12,458,2011303,39982,177890969,202506,22329,22214,22252,22253,21955
2025/06/13,-623,-2966887,39359,172416016,202506,22139,21893,21940,21940,21609
2025/06/16,-2569,-12488976,36790,160558744,202506,22061,21868,22032,22032,21686
2025/06/17,524,1226815,37314,162609227,202506,22260,22061,22159,22163,21784
2025/06/18,1010,4443805,38324,168096729,202506,22384,22080,22308,0,21930
2025/06/19,-730,-3151310,37594,163180517,202507,21857,21675,21704,21703,21548
2025/06/20,-142,-612428,37452,162167160,202507,21743,21470,21653,21650,21515
2025/06/23,1181,5069969,38633,165905555,202507,21484,21205,21473,21472,21333
2025/06/24,1501,6587351,40134,176260502,202507,21966,21764,21959,21959,21815
2025/06/25,1711,7580816,41845,185482147,202507,22168,22017,22159,22163,22006
2025/06/26,127,560527,41972,185642156,202507,22263,22078,22117,22115,21942
2025/06/27,2076,9179791,44048,194885971,202507,22221,21989,22121,22122,21948
2025/06/30,1313,5811270,45361,200894797,202507,22254,22083,22145,22144,21967
2025/07/01,1487,6657324,46848,209429299,202507,22593,22191,22353,22352,22174
2025/07/02,806,3610036,47654,213423205,202507,22401,22208,22396,22393,22220
2025/07/03,1383,6272088,49037,222431832,202507,22716,22547,22675,22680,22506
2025/07/04,-526,-2360227,48511,217678559,202507,22762,22431,22435,22436,22268
2025/07/07,-594,-2651967,47917,213977896,202507,22506,22244,22336,22328,22166
2025/07/08,1322,5887799,49239,219191988,202507,22397,22141,22251,22258,22083
2025/07/09,980,4387639,50219,225316662,202507,22473,22146,22434,22434,22266
2025/07/10,159,715177,50378,227768575,202507,22647,22410,22611,22607,22430
2025/07/11,1595,7130157,51973,236512888,202507,22774,22488,22764,22767,22578
2025/07/14,-662,-3712538,51311,230562720,202507,22695,22520,22551,22547,22396
2025/07/15,162,26235,51473,233414160,202507,22882,22512,22810,22804,22675
2025/07/16,391,1753619,51864,237713457,202507,23116,22845,23047,0,22920
2025/07/17,-1445,-6668594,50419,233308880,202508,23150,22866,23148,23137,23051
2025/07/18,-4864,-22641784,45555,211921860,202508,23399,23230,23262,23260,23179
2025/07/21,-1902,-8832420,43653,202724532,202508,23301,23172,23228,23220,23163
2025/07/22,-2035,-9363510,41618,191409506,202508,23406,22977,22990,22996,22943
2025/07/23,-762,-3533121,40856,189441101,202508,23258,23000,23186,23184,23122
2025/07/24,-372,-1733612,40484,188679731,202508,23408,23229,23310,23303,23226
2025/07/25,-1274,-5923455,39210,182224554,202508,23328,23207,23238,23237,23152
2025/07/28,-1650,-7715928,37560,175668120,202508,23483,23265,23392,23385,23308
2025/07/29,-2900,-13421132,34660,160482732,202508,23359,23027,23163,23151,23085
2025/07/30,-1545,-7218314,33115,154706657,202508,23421,23198,23361,23359,23299
2025/07/31,-821,-3868526,32294,152324340,202508,23621,23355,23589,23584,23540
2025/08/01,-608,-2838681,31686,147941894,202508,23442,23048,23344,23345,23272
2025/08/04,1037,4832844,32723,152305885,202508,23300,23032,23260,23272,23172
2025/08/05,162,765226,32885,155065880,202508,23584,23421,23575,23577,23494
2025/08/06,-1244,-5825067,31641,148187419,202508,23483,23381,23425,23417,23355
2025/08/07,539,2587387,32180,154444640,202508,24054,23653,23997,23997,23910
2025/08/08,-614,-2943978,31566,151220033,202508,24095,23947,23949,23953,23873
2025/08/11,-1420,-6853902,30146,145593079,202508,24223,23833,24162,24148,24088
2025/08/12,-274,-1322482,29872,144233921,202508,24241,24088,24135,24142,24066
2025/08/13,-538,-2616889,29334,142815471,202508,24412,24154,24347,24343,24277
2025/08/14,-706,-3427855,28628,138855186,202508,24362,24207,24250,24252,24191
2025/08/15,-2990,-14558356,25638,124565859,202508,24385,24188,24312,24297,24289
2025/08/18,-18,-156639,25620,125072997,202508,24462,24176,24426,24424,24399
2025/08/19,-444,-2240465,25176,122291342,202508,24447,24313,24342,24346,24284
2025/08/20,-1426,-6743153,23750,112389750,202508,24201,23631,23637,0,23667
2025/08/21,-139,-662411,23611,112633914,202509,23943,23691,23852,23852,23830
2025/08/22,-406,-1930195,23205,110223764,202509,23982,23732,23750,23750,23743
2025/08/25,306,1483576,23511,114051891,202509,24314,24070,24251,24255,24240
2025/08/26,-365,-1769986,23146,112281256,202509,24281,24090,24253,24255,24250
2025/08/27,16,78334,23162,113327048,202509,24496,24331,24463,24464,24459
2025/08/28,-446,-2162293,22716,110054469,202509,24420,24203,24228,24224,24228
2025/08/29,240,1165103,22956,111419257,202509,24453,24246,24267,24268,24260
2025/09/01,-523,-2504647,22433,107709789,202509,24245,23847,24008,24007,24016
2025/09/02,-300,-1438878,22133,106114479,202509,24249,23879,23965,23972,23966
2025/09/03,-252,-1209535,21881,105015660,202509,24083,23888,23997,23997,24000
2025/09/04,-210,-1014739,21671,104584250,202509,24365,24113,24132,24130,24129
2025/09/05,148,723109,21819,106581475,202509,24429,24286,24419,24424,24412
2025/09/08,226,1110142,22045,108267448,202509,24674,24518,24551,24556,24543
2025/09/09,407,2018842,22452,111375467,202509,24838,24660,24802,24803,24788
2025/09/10,-69,-346977,22383,112702977,202509,25244,24961,25178,25176,25148
2025/09/11,-238,-1198545,22145,111756829,202509,25464,25176,25240,25233,25226
2025/09/12,-291,-1476104,21854,111278251,202509,25466,25350,25459,25458,25475
2025/09/15,-1690,-8541490,20164,102249471,202509,25450,25269,25353,25347,25361
2025/09/16,321,1652538,20485,105026461,202509,25663,25410,25629,25625,25639
2025/09/17,-210,-1070253,20275,103293015,202509,25583,25402,25433,0,25470
2025/09/18,-291,-1496353,19984,102765722,202510,25747,25490,25709,25712,25706
2025/09/19,-520,-2667110,19464,99928176,202510,25853,25636,25671,25670,25673
2025/09/22,83,430276,19547,101226094,202510,25941,25689,25891,25893,25892
2025/09/23,332,1743417,19879,104416435,202510,26328,26023,26273,26263,26272
2025/09/24,18,94250,19897,104395580,202510,26393,26072,26237,26234,26245
2025/09/25,-156,-814184,19741,103028279,202510,26283,26087,26097,26095,26111
2025/09/26,-325,-1667254,19416,99642912,202510,25991,25500,25669,25660,25695
2025/09/30,451,2340870,19867,103121651,202510,26046,25797,25954,25953,25968
2025/10/01,176,915042,20043,104395970,202510,26375,26000,26045,26043,26061
2025/10/02,211,1114768,20254,107038339,202510,26527,26381,26431,26424,26444
2025/10/03,-361,-1929829,19893,106371849,202510,26764,26388,26745,26736,26760
2025/10/07,623,3403071,20516,112087114,202510,27356,26995,27322,27317,27345
2025/10/08,-211,-1143143,20305,110024938,202510,27127,26912,27093,27093,27133
2025/10/09,249,1365023,20554,112383853,202510,27455,27273,27335,27338,27381
2025/10/13,761,4252761,21315,114908253,202510,26945,26390,26904,26915,26958
2025/10/14,39,276304,21354,114327566,202510,27450,26716,26718,26725,26765
2025/10/15,497,2708652,21851,119258389,202510,27191,26775,27156,0,27288
2025/10/16,31,173619,21882,121742694,202511,27877,27450,27822,27818,27801
2025/10/17,-78,-425869,21804,119171948,202511,27545,27244,27328,27328,27338
2025/10/20,505,2805349,22309,123948804,202511,27824,27432,27783,27780,27780
2025/10/21,-5,-27943,22304,124148530,202511,28036,27798,27833,27831,27839
2025/10/22,-2027,-11246480,20277,112367023,202511,27797,27526,27704,27708,27708
2025/10/23,-566,-3119775,19711,108631265,202511,27629,27313,27556,27556,27559
2025/10/27,784,4423425,20495,115669685,202511,28291,28079,28225,28219,28228
2025/10/28,-274,-1534776,20221,113257825,202511,28250,27984,28002,28005,28007
2025/10/29,666,3784101,20887,118696648,202511,28446,28203,28412,28414,28419
2025/10/30,46,260011,20933,118895255,202511,28552,28181,28398,28399,28402
2025/10/31,186,1059370,21119,120082639,202511,28588,28378,28431,28430,28444
2025/11/03,-116,-657476,21003,119049213,202511,28583,28229,28340,28341,28357
2025/11/04,-384,-2160030,20619,115957145,202511,28594,28113,28117,28119,28141
2025/11/05,250,1391010,20869,116065043,202511,27850,27415,27805,27808,27826
2025/11/06,304,1704380,21173,118712789,202511,28141,27903,28034,28034,28051
2025/11/07,-334,-1852231,20839,115535594,202511,27838,27596,27730,27721,27750
2025/11/10,575,3220105,21414,119986934,202511,28039,27718,28016,28016,28035
2025/11/11,-193,-1072427,21221,117904138,202511,28180,27762,27780,27780,27791
2025/11/12,457,2564424,21678,121652527,202511,28078,27858,28054,28059,28055
2025/11/13,46,257858,21724,121559582,202511,28044,27802,27980,27978,27988
2025/11/14,639,3507133,22363,122569449,202511,27596,27366,27401,27404,27433
2025/11/17,-428,-2472686,21935,120472667,202511,27690,27465,27479,27481,27441
2025/11/18,572,3086846,22507,120735732,202511,27298,26772,26805,26814,26805
2025/11/19,684,3644492,23191,123403949,202511,26915,26537,26615,0,26595
2025/11/20,911,5007387,24102,132483873,202512,27492,27201,27482,27484,27508
2025/11/21,-64,-337797,24038,127286018,202512,26770,26397,26486,26476,26507
2025/11/24,161,856587,24199,128806438,202512,26730,26536,26615,26614,26634
2025/11/25,147,792419,24346,131142164,202512,27105,26773,26933,26933,26951
2025/11/26,115,631000,24461,133747856,202512,27384,27133,27329,27339,27339
2025/11/27,593,3271755,25054,138192854,202512,27649,27461,27583,27579,27592
2025/11/28,-167,-926291,24887,138058143,202512,27854,27558,27744,27737,27754
2025/12/01,-375,-2054572,24512,134355174,202512,27674,27401,27404,27406,27425
2025/12/02,-413,-2276510,24099,132828868,202512,27789,27528,27561,27559,27584
2025/12/03,-76,-420365,24023,133375696,202512,27888,27690,27758,27760,27795
2025/12/04,89,494864,24112,134053075,202512,27880,27670,27799,27798,27828
2025/12/05,174,974496,24286,136050172,202512,28019,27763,28016,28010,28048
2025/12/08,187,1057784,24473,138438867,202512,28298,28019,28286,28284,28313
2025/12/09,-147,-829678,24326,137281348,202512,28360,28204,28220,28217,28255
2025/12/10,583,3311527,24909,141483120,202512,28434,28252,28398,28400,28430
2025/12/11,-407,-2286843,24502,137706700,202512,28602,28059,28110,28101,28146
2025/12/12,-266,-1502732,24236,137130124,202512,28342,28157,28292,28290,28344
2025/12/15,-97,-272394,24139,135014484,202512,27984,27755,27907,27910,28004
2025/12/16,858,4954156,24997,138625983,202512,27689,27411,27624,27635,27713
2025/12/17,183,1011296,25180,139441849,202512,27773,27474,27483,0,27692
2025/12/18,346,1912394,25526,140893351,202601,27679,27457,27591,27598,27663
2025/12/19,563,3140950,26089,145561003,202601,27983,27795,27894,27897,27954
2025/12/22,1228,6951817,27317,154838258,202601,28368,28170,28341,28341,28403
2025/12/23,484,2750641,27801,157993123,202601,28455,28359,28413,28415,28486
2025/12/24,473,2693196,28274,160975235,202601,28577,28400,28472,28467,28544
2025/12/26,540,3097866,28814,165259858,202601,28714,28536,28673,28677,28744
2025/12/29,-862,-4988190,27952,161786219,202601,28998,28713,28950,28940,29020
2025/12/30,-772,-4457811,27180,156964547,202601,28942,28705,28881,28875,28953
2025/12/31,-484,-2805429,26696,154911598,202601,29053,28782,29016,29014,29100
2026/01/02,340,2003906,27036,159398895,202601,29500,29026,29473,29479,29554
2026/01/05,457,2771507,27493,166657122,202601,30487,29850,30313,30309,30410
2026/01/06,24,138316,27517,168552700,202601,30672,30183,30617,30627,30730
2026/01/07,-536,-3272606,26981,164670508,202601,30676,30448,30516,30516,30640
2026/01/08,-150,-913845,26831,163443785,202601,30663,30353,30458,30458,30572
2026/01/09,-278,-1693061,26553,161723767,202601,30578,30005,30456,30453,30562
2026/01/12,-125,-767443,26428,162267992,202601,30763,30555,30701,30700,30821
2026/01/13,-112,-689726,26316,162475056,202601,31252,30626,30874,30870,30993
2026/01/14,-264,-1635960,26052,161418269,202601,31162,30937,30982,30980,31106
2026/01/15,459,2851021,26511,164633806,202601,31057,30744,31050,31050,31127
2026/01/16,486,3062527,26997,169955900,202601,31536,31157,31474,31476,31568
2026/01/19,197,1576827,27194,172596698,202601,31774,31208,31669,31672,31786
2026/01/20,-228,-1193187,26970,171423202,202601,31742,31328,31672,31668,31800
2026/01/21,-369,-2315960,23890,150368438,202601,31650,31200,31245,0,31484
2026/01/22,230,1465376,24120,153707112,202602,32057,31783,31857,31863,31910
2026/01/23,643,4134707,24763,159270663,202602,32166,31873,32153,32159,32203
2026/01/26,675,4340568,25438,163566340,202602,32231,32086,32144,32150,32181
2026/01/27,329,2138382,25767,167511267,202602,32532,32206,32509,32505,32530
2026/01/28,695,4577182,26462,174252270,202602,32938,32668,32927,32925,32957
2026/01/29,-77,-504819,26385,172948398,202602,33014,32587,32777,32774,32811
2026/01/30,-818,-5279964,25567,164917377,202602,32526,32092,32247,32252,32298
2026/02/02,-167,-1056600,25400,160610381,202602,31964,31392,31610,31616,31655
2026/02/03,779,5036815,26179,169033752,202602,32446,32004,32261,32284,32320
2026/02/04,262,1696745,26441,171423429,202602,32475,32034,32423,32416,32455
2026/02/05,-356,-2269437,26085,166435572,202602,32166,31798,31907,31902,31959
2026/02/06,-226,-1431800,25859,164411901,202602,31883,31220,31807,31789,31851
2026/02/09,989,6489843,26848,175361079,202602,32836,32515,32651,32650,32710
2026/02/10,1339,9162720,28187,188294492,202602,33309,32879,33307,33303,33444
2026/02/11,728,5153879,28915,195674575,202602,33843,33272,33691,33686,33849
2026/02/23,328,2238856,29243,198682790,202602,34369,33836,33840,0,33961
2026/02/24,936,6519363,30179,210269165,202603,34956,34100,34827,34837,34921
2026/02/25,858,6089098,31037,220294418,202603,35777,35065,35490,35489,35587
2026/02/26,211,1503448,31248,222554505,202603,35755,35348,35604,35611,35715
2026/03/02,197,1389067,31445,221611782,202603,35495,34722,35232,35238,35348
2026/03/03,-752,-5170947,30693,210744276,202603,35320,34314,34325,34331,34446
2026/03/04,-144,-946517,30549,200835236,202603,33666,32679,32834,32871,32950
2026/03/05,1542,10376589,32091,216075121,202603,34294,33392,33639,33666,33746
2026/03/06,275,1853176,32366,218166259,202603,33888,33296,33704,33703,33794
2026/03/09,1041,6664515,33407,213150023,202603,32111,31124,31786,31902,31880
2026/03/10,1626,10644138,35033,229234932,202603,33329,32374,32696,32717,32771
2026/03/11,1538,10471271,36571,248712056,202603,34185,33277,33985,34004,34092
2026/03/12,-215,-1432385,36356,243672454,202603,33939,33326,33530,33512,33622
2026/03/13,240,1614446,36596,243773536,202603,33518,32663,33315,33304,33416
2026/03/16,-1256,-7908724,35340,235617596,202603,33723,33077,33250,33264,33373
2026/03/17,950,6754015,36290,246154181,202603,34017,33593,33795,33801,33910
2026/03/18,711,4932381,37001,255736111,202603,34440,34100,34263,0,34551
2026/03/19,-694,-4661029,36307,243685322,202604,34083,33537,33553,33559,33655
2026/03/20,353,2370648,36660,246054588,202604,33888,33371,33559,33559,33658
2026/03/23,801,5222296,37461,243938540,202604,32890,32213,32532,32559,32630
2026/03/24,320,2097470,37781,247699792,202604,33393,32342,32771,32781,32870
2026/03/25,1248,8390104,39029,262454413,202604,33880,33444,33638,33623,33733
2026/03/26,-545,-3639325,38484,257388689,202604,34024,33347,33440,33441,33558
2026/03/27,-315,-2087499,38169,252877258,202604,33243,32652,33120,33126,33250
2026/03/30,-699,-4543338,37470,243405120,202604,32712,32027,32468,32480,32591
2026/03/31,185,1183046,37655,240645574,202604,32451,31806,31979,31954,32105
2026/04/01,1260,8409724,38915,259866587,202604,33411,32906,33402,33389,33528
2026/04/02,-902,-5871964,38013,247122513,202604,33687,32486,32487,32505,32632
2026/04/07,263,1745428,38276,253976571,202604,33377,32955,33159,33177,33287
2026/04/08,2008,14041015,40284,282116909,202604,35060,34473,34996,35016,35122
2026/04/09,-330,-2296377,39954,279073858,202604,35100,34745,34932,34924,35055
2026/04/10,592,4223757,40546,288447793,202604,35580,35215,35567,35569,35697
2026/04/13,-813,-4860007,39733,282674078,202604,35652,35225,35457,35460,35652
2026/04/14,1462,11417740,41195,301931092,202604,36430,35990,36381,36377,36639
2026/04/15,1050,7791248,42245,312486265,202604,37073,36618,36643,0,36977
2026/04/16,380,2850983,42625,320957725,202605,37666,37086,37645,37649,37744
2026/04/17,-333,-2468530,42292,313620555,202605,37388,37033,37083,37078,37151
2026/04/20,-190,-1415764,42102,313575696,202605,37704,37209,37254,37240,37349
2026/04/21,803,6108903,42905,326489888,202605,38159,37647,38048,38048,38132
2026/04/22,-1153,-8809784,41752,319118886,202605,38369,37925,38206,38216,38288
2026/04/23,-443,-3350687,41309,312717392,202605,39087,37408,37875,37851,37972
2026/04/24,418,3287329,41727,327323279,202605,39244,38268,39224,39222,39309
2026/04/27,918,7306455,42645,340486209,202605,40458,39837,39888,39921,39982
2026/04/28,-72,-571697,42573,338310602,202605,40347,39661,39749,39733,39815
2026/04/29,-378,-2989335,42195,333163281,202605,39790,39123,39490,39479,39550
2026/04/30,122,960330,42317,332967083,202605,39937,39265,39360,39342,39424
2026/05/04,1789,14689787,44106,362163187,202605,41074,40167,41031,41056,41126
2026/05/05,103,847586,44209,362814421,202605,41097,40798,41035,41034,41133
2026/05/06,889,7389663,45098,374439674,202605,42005,41038,41503,41514,41625
2026/05/07,1079,9143392,46177,391137661,202605,42468,42005,42340,42352,42477
2026/05/08,130,1091788,46307,388339763,202605,42343,41539,41937,41931,42068
2026/05/11,302,2536729,46609,391226846,202605,42258,41802,41945,41969,42074
2026/05/12,-1744,-14638750,44865,374212188,202605,42363,41607,41695,41704,41818
2026/05/13,-278,-2304647,44587,369612235,202605,41604,40984,41469,41448,41563
2026/05/14,-1471,-12240760,43116,359065039,202605,42238,41497,41602,41636,41727
2026/05/15,-1378,-11201104,41738,342437219,202605,42454,40976,41012,40998,41183
2026/05/18,-2015,-15660466,39723,325005673,202605,40990,40169,40807,40797,40965
2026/05/19,-1081,-8276244,38642,312246916,202605,40931,40188,40248,40240,40383
2026/05/20,341,2716751,38983,312830778,202605,40405,39881,40078,0,40134
2026/05/21,1744,14484461,40713,337942328,202606,41666,40957,41473,41503,41474
2026/05/22,1334,11332982,42047,357021077,202606,42502,41790,42442,42455,42456
2026/05/25,971,8516758,43018,377439932,202606,44050,43004,43877,43870,43863
2026/05/26,318,2789558,43336,380178061,202606,44280,43619,43893,43864,43890
2026/05/27,1937,17332259,45273,405591753,202606,45299,44336,44798,44794,44800
2026/05/28,-506,-4443399,44767,392508103,202606,45348,43458,43842,43839,43865
2026/05/29,2159,19562690,46926,425290338,202606,45471,44655,45285,45315,45300
2026/06/01,1493,13757287,48419,445851836,202606,46465,45405,46035,46041,46059
2026/06/02,1346,12411438,49765,458863159,202606,46228,45333,46087,46103,46105
2026/06/03,1539,14425029,51304,480790314,202606,46994,46550,46868,46857,46893
2026/06/04,554,5137607,51858,480308807,202606,46587,46140,46294,46310,46356
2026/06/05,302,2736439,52160,471797650,202606,45785,44655,45211,45226,45284
2026/06/08,1714,14788256,53874,464210722,202606,43655,42225,43080,43083,43107
2026/06/09,1379,12342448,55253,493726125,202606,44750,43552,44665,44677,44729
2026/06/10,-1067,-9206837,54186,470009386,202606,44481,43126,43422,43367,43457
2026/06/11,1126,9767228,55312,478214169,202606,43509,42050,43241,43219,43303
2026/06/12,1799,16027469,57111,505385355,202606,44931,44045,44188,44217,44314
2026/06/15,591,6304372,57702,528127292,202606,45905,45340,45580,45597,45817
2026/06/16,-808,-7049633,56894,521603673,202606,46198,45463,45772,45764,45849
2026/06/17,189,1716077,57083,525289183,202606,45745,45113,45668,0,46031
2026/06/18,1514,14128307,58597,547905389,202607,46778,46260,46769,46752,47002
2026/06/22,2599,25149037,61196,592719977,202607,48476,47371,48413,48428,48660
2026/06/23,-1016,-9642948,60180,570951732,202607,48711,47404,47436,47437,47730
2026/06/24,577,5342714,60757,563892859,202607,47067,45898,46387,46407,46654
2026/06/25,164,1525268,60921,566869174,202607,46997,46091,46544,46527,46783
2026/06/26,326,2899272,61247,544488629,202607,45922,44264,44373,44452,44665
2026/06/29,1715,15591043,62962,573629487,202607,45637,44373,45550,45556,45803
2026/06/30,3661,34211255,66623,623284247,202607,46883,45922,46730,46779,46948
2026/07/01,571,5417639,67194,634562292,202607,47695,46895,47231,47221,47412
2026/07/02,-784,-7322059,66410,618989457,202607,46987,45780,46599,46606,46816
2026/07/03,803,7553970,67213,631768956,202607,47084,45608,46966,47000,47181
2026/07/06,41,429810,67254,630500845,202607,47547,46581,46886,46874,47131
2026/07/07,933,8626983,68187,623241478,202607,47187,45599,45775,45695,45982
2026/07/08,1800,16578102,69987,638010709,202607,45960,45240,45564,45563,45824
2026/07/09,1702,15869712,71689,655114460,202607,46158,45331,45678,45648,45987
2026/07/13,105,3737979,71794,657732697,202607,46378,45251,45617,45565,45980
2026/07/14,2079,20185928,73873,666967864,202607,45464,43852,44815,44790,45135
2026/07/15,1773,16365789,75646,696941727,202607,45842,45033,45830,0,46050
2026/07/16,618,5654513,76264,696915685,202608,46248,45191,45700,45691,45949
2026/07/17,-1049,-8920490,75215,640891972,202608,44512,42527,42725,42604,42975
2026/07/20,-2769,-23729189,72446,618138251,202608,43500,42457,42641,42662,42898
2026/07/21,3124,27686461,75570,670683750,202608,44404,43197,44377,44375,44597
2026/07/22,53,462014,75623,675237767,202608,45364,44613,44631,44645,44916
2026/07/23,-131,-1176841,75492,678099341,202608,45339,44445,44930,44912,45101
2026/07/24,-1654,-14450541,73838,647027627,202608,44499,43640,43905,43814,44074
2026/07/27,273,2386548,74111,650398136,202608,44083,43176,43907,43880,44040
2026/07/28,775,6574466,74886,622647136,202608,42627,41516,41613,41573,41748
2026/07/29,-144,-982986,74742,602839076,202608,42070,39442,40392,40328,40524
2026/07/30,1115,8986390,75857,611195020,202608,41266,39701,40270,40286,40416
2026/07/31,9468,82800618,85325,746201255,202608,43951,42305,43678,43727,43836
2026/08/03,-1425,-12331119,83900,725214820,202608,43836,42989,43230,43219,43388
2026/08/04,-1352,-11699314,82548,715592103,202608,43790,42553,43357,43344,43474
2026/08/05,2027,18049357,84575,753343355,202608,44923,44219,44514,44537,44624
2026/08/06,-412,-3642654,84163,744980643,202608,44494,43843,44280,44258,44300
2026/08/07,-1086,-9581789,83077,736063028,202608,44744,43923,44349,44297,44438
2026/08/10,674,6114106,83751,753701288,202608,45219,44668,44987,44990,45113
2026/08/11,-333,-2933460,83418,752362444,202608,45200,44570,45090,45085,45215
2026/08/12,-1035,-9277806,82383,750270367,202608,45561,45156,45528,45516,45673
2026/08/13,-56,-394438,82327,758287823,202608,46250,45840,46005,46025,46174
2026/08/14,-1992,-18048898,80335,736622638,202608,46470,45676,45841,45812,45972
2026/08/17,-2322,-20254308,78013,717130598,202608,46140,45738,45888,45867,46033
2026/08/18,-1901,-16587015,76112,687631564,202608,45977,45070,45085,45088,45166
2026/08/19,-1243,-11053027,74789,665622100,202608,44869,44208,44612,0,44528
2026/08/20,1036,9297307,75825,680953995,202609,45122,44448,44868,44903,45029
2026/08/21,491,4431333,76316,688950322,202609,45294,44566,45148,45138,45280
2026/08/24,-508,-4539183,75808,678329984,202609,45292,44609,44762,44740,44900
2026/08/25,501,4509668,76309,687269377,202609,45095,44146,45027,45032,45226
2026/08/26,1734,15946429,78043,718042425,202609,46027,44865,46011,46003,46146
2026/08/27,-1209,-11131885,76834,707856275,202609,46517,46006,46078,46064,46258
2026/08/28,-82,-760027,76752,711598492,202609,46580,46215,46357,46357,46502
2026/08/31,-874,-8035136,75878,697728561,202609,46060,45415,45983,45977,46116
2026/09/01,149,1403043,76027,717710086,202609,47220,45987,47209,47201,47364
2026/09/02,-965,-8910387,75062,693047446,202609,46746,46131,46189,46165,46365
2026/09/03,-673,-6166535,74389,681685918,202609,46472,45714,45837,45819,45997
2026/09/04,1785,16681124,76174,711602273,202609,46756,46057,46704,46709,46886
2026/09/07,-728,-6903410,75446,716167592,202609,47572,47093,47470,47462,47667
2026/09/08,-848,-7903716,74598,700604448,202609,47593,46934,46980,46955,47150
2026/09/09,221,2172471,74819,706111187,202609,47592,47054,47187,47178,47358
2026/09/10,-336,-3071627,74483,698404569,202609,46950,46506,46870,46869,47050
2026/09/11,204,2067945,74687,690334569,202609,46340,45780,46218,46187,46380
2026/09/14,-239,-1194521,74448,682824352,202609,46018,45302,45780,45777,45902
2026/09/15,-2031,-18032448,72417,662262074,202609,45964,45512,45607,45592,45740
2026/09/16,629,5820573,73046,672899752,202609,46093,45518,45759,0,46078
2026/09/17,980,9120628,74026,687834786,202610,47037,46376,46445,46459,46613
2026/09/18,1084,10280950,75110,712463416,202610,47464,46897,47418,47428,47581
2026/09/21,-1091,-10475583,74019,711367002,202610,48091,47496,48077,48053,48205
2026/09/22,-42,-408691,73977,713508165,202610,48946,48034,48243,48225,48395
2026/09/23,-418,-4037072,73559,710756482,202610,48623,48223,48336,48312,48508
2026/09/24,-695,-6690382,72864,701316000,202610,48275,47797,48123,48125,48258
2026/09/29,-52,-496407,72812,695806034,202610,48194,47630,47767,47781,47930
2026/09/30,1027,9925745,73839,713727774,202610,48646,48230,48330,48330,48494
2026/10/01,776,7557797,74615,726720254,202610,48719,48168,48685,48698,48858
2026/10/02,54,526118,74669,726813112,202610,48802,48472,48671,48669,48841
2026/10/05,475,4741499,75144,750598387,202610,50097,49461,49949,49944,50125
2026/10/06,1064,10664012,76208,763329811,202610,50194,49720,50060,50082,50244
2026/10/07,60,600713,76268,762191885,202610,50117,49842,49979,49968,50143
2026/10/08,71,701854,76339,753572804,202610,49692,49333,49349,49357,49546
