日期,多空交易口數淨額,多空交易契約金額淨額(千元),未平倉淨口數,未平倉契約金額淨額(千元),近月契約,近月最高,近月最低,近月收盤,近月結算價,次月收盤,結算日,淨口數變動,重置法成本,重置法未實現(萬元),重置法已實現(萬元),重置法總損益(萬元),當日成交均價,連續法成本,連續法未實現(萬元),連續法已實現累計(萬元),連續法總損益(萬元)
2024/10/09,114,518869,25522,115865028,202410,22888,22666,22702,22699,22735,0,0,22777,0,0,0,22757.41,22699,1531.32,0,1531.32
2024/10/11,40,189339,25562,117135534,202410,23047,22794,22912,22911,22962,0,40,22777.21,68909.4,0,68909.4,23667.38,22700.52,108119.42,0,108119.42
2024/10/14,-30,10807,25532,117627209,202410,23049,22818,23008,23005,23073,0,-30,22777.21,117849.97,138.47,117988.44,23005,22700.52,157013.97,182.69,157196.66
2024/10/15,64,403977,25596,119181730,202410,23386,23101,23225,23228,23285,0,64,22778.33,228658.85,138.47,228797.32,23228,22701.83,267819.01,182.69,268001.7
2024/10/16,-748,-3453771,22640,104420208,202410,23203,22855,22986,0,23063,1,-2956,23029,15395.2,113641.44,129036.64,23086.7,22701.83,128670.25,22936.22,151606.47
2024/10/17,501,2331914,23141,107633420,202411,23277,23005,23256,23256,23282,0,501,23033.91,102785.6,0,102785.6,23272.59,22714.19,250759.97,22936.22,273696.19
2024/10/18,416,1964698,23557,111457590,202411,23840,23527,23657,23657,23678,0,416,23044.92,288376.42,0,288376.42,23614.16,22730.08,436707.23,22936.22,459643.45
2024/10/21,-733,-3448645,22824,107610595,202411,23836,23566,23567,23574,23590,0,-733,23044.92,238320.09,7653.73,245973.82,23524.18,22730.08,382035.44,34577.69,416613.13
2024/10/22,143,676090,22967,108500701,202411,23637,23332,23633,23621,23655,0,143,23048.58,268447.77,7653.73,276101.5,23639.51,22735.75,412144.5,34577.69,446722.19
2024/10/23,-432,-2023423,22535,105504363,202411,23511,23336,23406,23409,23429,0,-432,23048.58,161089.48,10741.84,171831.32,23419.25,22735.75,302083.33,40483.14,342566.47
2024/10/24,-475,-2212436,22060,102755480,202411,23449,23203,23304,23290,23325,0,-475,23048.58,112691.58,13168.34,125859.92,23288.8,22735.75,250713.52,45737.15,296450.67
2024/10/25,343,1606749,22403,105186565,202411,23487,23252,23481,23476,23500,0,343,23055.2,190783.98,13168.34,203952.32,23422,22746.25,329210.68,45737.15,374947.83
2024/10/28,-103,-479428,22300,104016120,202411,23657,23216,23326,23322,23346,0,-103,23055.2,120776.84,13726.18,134503.02,23273.2,22746.25,258567.1,46822.67,305389.77
2024/10/29,355,1628378,22655,104117849,202411,23148,22693,22976,22979,22994,0,355,23053.96,-35323.16,13726.18,-21596.98,22934.9,22749.21,102758.9,46822.67,149581.57
2024/10/30,164,754523,22819,104517700,202411,23145,22845,22904,22901,22919,0,164,23052.88,-67946.36,13726.18,-54220.18,23003.75,22751.04,69808.52,46822.67,116631.19
2024/11/01,863,3924798,23682,107838229,202411,22822,22232,22753,22767,22800,0,863,23041.95,-136859.74,13726.18,-123133.56,22739.27,22750.61,1132.12,46822.67,47954.79
2024/11/04,801,3686412,24483,112798078,202411,23046,22700,23041,23036,23039,0,801,23041.92,-451.42,13726.18,13274.76,23011.31,22759.14,138016.06,46822.67,184838.73
2024/11/05,669,3096035,25152,116389857,202411,23239,22782,23135,23137,23142,0,669,23044.4,45576.62,13726.18,59302.8,23139.28,22769.25,183986.9,46822.67,230809.57
2024/11/06,383,1785198,25535,119091760,202411,23448,23051,23324,23319,23336,0,383,23048.59,140651.18,13726.18,154377.36,23305.46,22777.29,279203.5,46822.67,326026.17
2024/11/07,165,773637,25700,120920534,202411,23576,23085,23532,23525,23545,0,165,23051.69,246876.78,13726.18,260602.96,23443.55,22781.57,385721,46822.67,432543.67
2024/11/08,-320,-1518378,25380,120678316,202411,23794,23528,23781,23774,23790,0,-320,23051.69,370195.22,18393.74,388588.96,23724.66,22781.57,507310.65,52858.42,560169.07
2024/11/11,198,935016,25578,120586957,202411,23632,23309,23573,23572,23587,0,198,23055.73,264614.42,18393.74,283008.16,23611.52,22787.99,401577.33,52858.42,454435.75
2024/11/12,-321,-1469911,25257,115553894,202411,23242,22863,22869,22875,22892,0,-321,23055.73,-94325.01,17194.93,-77130.08,22895.81,22787.99,40919.03,53550.6,94469.63
2024/11/13,338,1542448,25595,116644394,202411,23015,22730,22783,22786,22802,0,338,23052.13,-137767.05,17194.93,-120572.12,22817.28,22788.38,-2754.73,53550.6,50795.87
2024/11/14,549,2494771,26144,118655627,202411,22880,22576,22684,22692,22704,0,549,23044.4,-188445.15,17194.93,-171250.22,22721.05,22786.97,-53839.61,53550.6,-289.01
2024/11/15,-148,-663741,25996,118361128,202411,22930,22684,22759,22762,22787,0,-148,23044.4,-148384.37,16350.15,-132034.22,22423.68,22786.97,-14540.82,52475.27,37934.45
2024/11/18,451,2127813,26447,119504810,202411,22789,22544,22574,22573,22611,0,451,23036.38,-244569.57,16350.15,-228219.42,23589.94,22800.66,-119889.84,52475.27,-67414.57
2024/11/19,573,2708539,27020,123724749,202411,22995,22592,22850,22848,22894,0,573,23032.42,-98582.13,16350.15,-82231.98,23634.72,22818.35,17104.7,52475.27,69579.97
2024/11/20,-316,-1440364,26704,121658083,202411,22956,22668,22686,0,22773,1,-316,22812,-20829.12,-101374.1,-122203.22,22790.57,22818.35,-70684.46,52299.71,-18384.75
2024/11/21,140,632465,26844,121200660,202412,22733,22514,22573,22575,22607,0,140,22810.75,-127645.12,0,-127645.12,22588.04,22817.15,-131077.6,52299.71,-78777.89
2024/11/22,77,355129,26921,124008894,202412,23066,22780,23038,23032,23062,0,77,22811.4,122004.08,0,122004.08,23060.32,22817.84,118537.22,52299.71,170836.93
2024/11/25,-239,-1104153,26682,123068056,202412,23287,23014,23066,23062,23092,0,-239,22811.4,135862.87,1216.97,137079.84,23099.44,22817.84,132426.79,53645.73,186072.51
2024/11/26,-865,-3922966,25817,116868396,202412,22845,22615,22636,22634,22671,0,-865,22811.4,-90567.85,-1817.51,-92385.36,22676.1,22817.84,-93892.54,51193.65,-42698.89
2024/11/27,-81,-360900,25736,115050214,202412,22690,22341,22347,22352,22380,0,-81,22811.4,-239037.78,-2569.84,-241607.62,22277.78,22817.84,-242352.04,50318.75,-192033.29
2024/11/28,1245,5554202,26981,120497146,202412,22385,22117,22337,22330,22363,0,1245,22789.51,-244184.98,-2569.84,-246754.82,22306.03,22794.23,-246728.14,50318.75,-196409.39
2024/11/29,171,760645,27152,121135933,202412,22438,22004,22313,22307,22337,0,171,22786.51,-257135.86,-2569.84,-259705.7,22241.08,22790.74,-259433.06,50318.75,-209114.31
2024/12/02,431,1967533,27583,125899845,202412,22828,22498,22827,22822,22852,0,431,22787.14,21986.7,-2569.84,19416.86,22825.21,22791.28,19704.94,50318.75,70023.69
2024/12/03,573,2647176,28156,130142663,202412,23191,22999,23112,23111,23142,0,573,22793.76,179209.8,-2569.84,176639.96,23099.27,22797.55,177073.96,50318.75,227392.71
2024/12/04,-500,-2318840,27656,128799524,202412,23296,23071,23294,23286,23322,0,-500,22793.76,276695.2,2432.6,279127.8,23188.4,22797.55,274597.29,54227.26,328824.55
2024/12/05,-317,-1473992,27339,127137286,202412,23328,23211,23251,23252,23294,0,-317,22793.76,250012.11,5331.53,255343.64,23249.09,22797.55,247938.25,57090.01,305028.25
2024/12/06,-530,-2458072,26809,124286524,202412,23360,23134,23179,23180,23221,0,-530,22793.76,206560.36,9415.12,215975.48,23189.36,22797.55,204526.7,61243.19,265769.89
2024/12/09,-337,-1565711,26472,123094800,202412,23287,23170,23249,23250,23296,0,-337,22793.76,241024.61,12483.47,253508.08,23230.13,22797.55,239016.52,64158.82,303175.33
2024/12/10,-375,-1731216,26097,120453314,202412,23337,23026,23090,23078,23128,0,-375,22793.76,154621.82,14705.3,169327.12,23082.88,22797.55,152642.17,66298.8,218940.97
2024/12/11,-158,-722874,25939,118525422,202412,23055,22824,22848,22847,22899,0,-158,22793.76,28140.93,14876.71,43017.64,22875.76,22797.55,26173.26,66545.95,92719.21
2024/12/12,332,1534617,26271,121409176,202412,23211,23003,23107,23107,23160,0,332,22797.71,162504.95,14876.71,177381.66,23111.7,22801.52,160506.06,66545.95,227052.01
2024/12/13,-20,-91157,26251,120672381,202412,23092,22888,22986,22984,23034,0,-20,22797.71,98853.81,14952.03,113805.84,22789.25,22801.52,96856.45,66541.04,163397.49
2024/12/16,-16,68518,26235,120644932,202412,23270,22946,22961,22966,23007,0,-16,22797.71,85676.06,15004.28,100680.34,22966,22801.52,83679.92,66593.68,150273.59
2024/12/17,84,498635,26323,121580285,202412,23215,23024,23031,23030,23095,0,88,22798.49,122405.06,15004.28,137409.34,23030,22802.28,120410.68,66593.68,187004.35
2024/12/18,0,16165,26323,122028164,202412,23200,22902,23105,0,23183,1,0,23051,69492.72,147938.54,217431.26,23105,22802.28,159368.72,66593.68,225962.39
2024/12/19,-1249,-5708577,25074,114598210,202501,22906,22718,22849,22852,22886,0,-1249,23051,-101298.96,-5045.96,-106344.92,22852.59,22802.28,23427.95,67850.36,91278.31
2024/12/20,258,1165469,25332,114657698,202501,22793,22590,22635,22631,22682,0,258,23046.76,-208615.68,-5045.96,-213661.64,22586.61,22800.09,-83639.07,67850.36,-15788.71
2024/12/23,587,2727071,25919,120435226,202501,23245,22899,23242,23233,23280,0,587,23051.18,98914.8,-5045.96,93868.84,23228.88,22809.8,224045.39,67850.36,291895.75
2024/12/24,-172,-795382,25747,119471229,202501,23459,23187,23216,23201,23260,0,-172,23051.18,84869.96,-4479,80390.96,23121.57,22809.8,209170.17,68922.86,278093.03
2024/12/25,100,466640,25847,120581424,202501,23349,23240,23329,23326,23375,0,100,23052.26,143058.18,-4479,138579.18,23332,22811.82,267352.39,68922.86,336275.25
2024/12/26,51,237806,25898,120819350,202501,23380,23285,23326,23326,23380,0,51,23052.8,141507.36,-4479,137028.36,23314.31,22812.81,265813.49,68922.86,334736.35
2024/12/27,145,677585,26043,121735399,202501,23378,23148,23372,23372,23428,0,145,23054.58,165333.52,-4479,160854.52,23365,22815.88,289659.95,68922.86,358582.81
2024/12/30,-375,-1737990,25668,118950646,202501,23324,23154,23177,23171,23228,0,-375,23054.58,62847.63,-3560.81,59286.82,23173.2,22815.88,185383.86,71602.75,256986.61
2024/12/31,-174,-800001,25494,117496748,202501,23110,22955,23041,23044,23107,0,-174,23054.58,-6922.08,-3608.06,-10530.14,22988.53,22815.88,114783.49,72203.58,186987.07
2025/01/02,-43,-198418,25451,116275438,202501,22995,22689,22842,22843,22906,0,-43,23054.58,-108205.39,-3790.87,-111996.26,23071.86,22815.88,13294.91,72423.73,85718.63
2025/01/03,225,1033544,25676,117991490,202501,23108,22905,22977,22977,23045,0,225,23053.9,-39487.69,-3790.87,-43278.56,22967.64,22817.21,82054.71,72423.73,154478.43
2025/01/06,842,3966227,26518,125196782,202501,23620,23218,23609,23606,23670,0,842,23071.52,285056.95,-3790.87,281266.08,23552.42,22840.56,407552.21,72423.73,479975.93
2025/01/07,-715,-3389833,25803,122522966,202501,23990,23723,23752,23742,23814,0,-715,23071.52,351167.6,5939.96,357107.56,23705.13,22840.56,470360.03,84787.08,555147.11
2025/01/08,-458,-2148013,25345,118863008,202501,23649,23439,23450,23449,23516,0,-458,23071.52,191850.61,9406.83,201257.44,23449.92,22840.56,308927.4,90368.89,399296.29
2025/01/09,-408,-1885770,24937,115205002,202501,23410,23083,23105,23099,23170,0,-408,23071.52,16696.93,9680.01,26376.94,23109.93,22840.56,131889.03,92566.96,224455.99
2025/01/10,310,1439872,25247,116440808,202501,23141,22955,23049,23058,23124,0,310,23071.25,-11232.51,9680.01,-1552.5,23223.74,22845.26,102876.19,92566.96,195443.15
2025/01/13,677,3206721,25924,117033806,202501,23008,22431,22535,22540,22619,0,677,23057.24,-270771.67,9680.01,-261091.66,23683.32,22867.15,-172211.17,92566.96,-79644.21
2025/01/14,420,2135813,26344,120253439,202501,22767,22530,22750,22754,22816,0,420,23052.34,-159298.47,9680.01,-149618.46,25426.35,22907.95,-83219.27,92566.96,9347.69
2025/01/15,-86,-383596,26258,118239774,202501,22749,22493,22519,0,22512,1,-86,22621,-57242.44,-216844.07,-274086.51,22302.09,22907.95,-204259.56,91524.89,-112734.67
2025/01/16,-1701,-7864567,24557,113134099,202502,23217,22990,23031,23035,23082,0,-1701,22621,201367.4,13948.2,215315.6,23117.48,22907.95,60436.11,98653.22,159089.33
2025/01/17,-103,-476478,24454,113407870,202502,23318,22956,23190,23188,23228,0,-103,22621,278286.52,15120.34,293406.86,23130,22907.95,137946.34,99110.65,237056.99
2025/01/20,-72,-336019,24382,113829805,202502,23417,23222,23346,23343,23360,0,-72,22621,353539,16164.34,369703.34,23334.65,22907.95,213612.02,99725.11,313337.13
2025/01/21,98,458541,24480,114375456,202502,23432,23203,23365,23361,23375,0,98,22623.98,362804.16,16164.34,378968.5,23394.95,22909.9,222818.48,99725.11,322543.59
2025/01/22,28,132272,24508,116114003,202502,23719,23573,23698,23689,23723,0,28,22625.21,525840.96,16164.34,542005.3,23620,22910.71,385898.96,99725.11,485624.07
2025/02/03,-40,-185658,24468,110575785,202502,22817,22539,22598,22596,22616,0,-40,22625.21,-13313.28,16142.58,2829.3,23207.25,22910.71,-153026.87,99962.34,-53064.53
2025/02/04,207,943147,24675,112641375,202502,22945,22708,22822,22825,22857,0,207,22626.86,96303.36,16142.58,112445.94,22781.33,22909.62,-43241.85,99962.34,56720.49
2025/02/05,291,1350350,24966,115527668,202502,23284,23063,23133,23137,23165,0,291,22632.76,249781.86,16142.58,265924.44,23201.89,22913.03,109835.71,99962.34,209798.05
2025/02/06,-277,-1290040,24689,115026051,202502,23379,23234,23290,23295,23324,0,-277,22632.76,324533.97,19783.71,344317.68,23285.92,22913.03,186140.53,102028.16,288168.69
2025/02/07,-70,-327698,24619,115354786,202502,23465,23278,23431,23428,23454,0,-70,22632.76,393039.41,20901.25,413940.66,23407,22913.03,255038.36,102719.72,357758.07
2025/02/10,-601,-2795102,24018,111616450,202502,23366,23167,23246,23236,23260,0,-601,22632.76,294577.92,28272.44,322850.36,23253.76,22913.03,159945.75,106815.3,266761.05
2025/02/11,-225,-1048087,23793,111037484,202502,23503,23302,23335,23334,23360,0,-225,22632.76,334169.86,31432.54,365602.4,23290.82,22913.03,200798.92,108515.37,309314.29
2025/02/12,854,3985538,24647,114909843,202502,23536,23292,23315,23311,23336,0,854,22656.4,324652.66,31432.54,356085.2,23334.53,22927.63,190948.12,108515.37,299463.49
2025/02/13,-98,-458149,24549,114895610,202502,23460,23250,23399,23401,23425,0,-98,22656.4,364604.11,32888.05,397492.16,23374.95,22927.63,231431.2,109392.11,340823.31
2025/02/14,351,1625951,24900,115438108,202502,23349,23116,23179,23180,23203,0,351,22663.76,256588.51,32888.05,289476.56,23161.7,22930.93,123537.08,109392.11,232929.19
2025/02/17,-834,-3895698,24066,113181026,202502,23540,23283,23504,23506,23521,0,-834,22663.76,404423.34,46903.22,451326.56,23355.5,22930.93,275828.34,116473.94,392302.27
2025/02/18,-529,-2473720,23537,111339370,202502,23663,23466,23649,23645,23652,0,-529,22663.76,463790.93,57327.03,521117.96,23381.1,22930.93,338022.59,121236.66,459259.25
2025/02/19,-565,-2667733,22972,108473784,202502,23697,23560,23608,0,23609,1,-565,23628.5,-8959.08,500566.25,491607.17,23608.26,22930.93,311071.4,128890.41,439961.81
2025/02/20,949,4467717,23921,112600931,202503,23564,23371,23538,23536,23553,0,949,23624.91,-41579.32,0,-41579.32,23539.08,22955.06,278890.14,128890.41,407780.55
2025/02/21,719,3412102,24640,117005504,202503,23761,23474,23745,23743,23761,0,719,23628.41,57453.62,0,57453.62,23728.11,22977.62,378165.98,128890.41,507056.39
2025/02/24,-1332,-6270346,23308,109808650,202503,23564,23444,23558,23556,23581,0,-1332,23628.41,-32824.15,-1875.83,-34699.98,23537.33,22977.62,270551,143801.27,414352.27
2025/02/25,-267,-1243842,23041,107348019,202503,23345,23138,23299,23295,23314,0,-267,23628.41,-151800.52,-3634.9,-155435.42,23292.92,22977.62,148099.38,145485,293584.37
2025/02/26,491,2299394,23532,110209769,202503,23421,23104,23421,23417,23442,0,491,23624.09,-95580.48,-3634.9,-99215.38,23415.42,22986.75,204374.24,145485,349859.23
2025/02/27,1226,5680780,24758,114822653,202503,23434,23127,23196,23189,23214,0,1226,23602.89,-201474.48,-3634.9,-205109.38,23167.94,22995.73,99168.16,145485,244653.15
2025/03/03,1550,7046340,26308,119564598,202503,22797,22611,22718,22724,22746,0,1550,23550.75,-438160.96,-3634.9,-441795.86,22730.13,22980.08,-137894.32,145485,7590.67
2025/03/04,835,3777110,27143,122621217,202503,22668,22194,22588,22588,22608,0,835,23521.14,-506561.76,-3634.9,-510196.66,22617.43,22968.92,-206786.52,145485,-61301.53
2025/03/05,392,1794382,27535,126066244,202503,22927,22637,22888,22892,22915,0,392,23512.12,-343703.76,-3634.9,-347338.66,22887.53,22967.76,-43924.8,145485,101560.19
2025/03/06,101,460642,27636,125810126,202503,23017,22704,22763,22762,22765,0,101,23509.38,-412541.26,-3634.9,-416176.16,22804.06,22967.16,-112845.24,145485,32639.75
2025/03/07,-575,-2591989,27061,121898957,202503,22685,22480,22520,22523,22522,0,-575,23509.38,-535474.31,-15012.81,-550487.12,22539.03,22967.16,-242013.82,140561.52,-101452.31
2025/03/10,198,889359,27259,122371087,202503,22547,22315,22446,22446,22450,0,198,23501.66,-575524.59,-15012.81,-590537.4,22458.56,22963.47,-282113.84,140561.52,-141552.33
2025/03/11,740,3262866,27999,123346789,202503,22085,21661,22031,22027,22030,0,740,23462.79,-801774.29,-15012.81,-816787.1,22046.39,22939.23,-508591.34,140561.52,-368029.83
2025/03/12,1064,4725723,29063,129237164,202503,22345,22044,22232,22234,22225,0,1064,23417.73,-689218.31,-15012.81,-704231.12,22207.34,22912.44,-395510.7,140561.52,-254949.19
2025/03/13,719,3189295,29782,130582073,202503,22475,21917,21920,21923,21913,0,719,23381.57,-870571.43,-15012.81,-885584.24,22178.69,22894.72,-580583.72,140561.52,-440022.21
2025/03/14,159,699321,29941,131512361,202503,22131,21874,21961,21962,21953,0,159,23374.03,-846150.19,-15012.81,-861163,21991.23,22889.92,-556258.6,140561.52,-415697.09
2025/03/17,332,1472170,30273,134142269,202503,22312,22111,22158,22155,22156,0,332,23360.69,-728182.65,-15012.81,-743195.46,22171.23,22882.04,-438378.94,140561.52,-297817.43
2025/03/18,-189,-806497,30084,133861980,202503,22385,22191,22230,22227,22259,0,-189,23360.69,-680315.51,-19286.83,-699602.34,21335.9,22882.04,-392321.1,134717.09,-257604.01
2025/03/19,-481,-2115235,29591,130306927,202503,22247,21935,21964,0,22034,1,-493,22091,-33733.74,-770716.68,-804450.42,21987.89,22882.04,-543316.08,125900.75,-417415.33
2025/03/20,74,331429,29665,132691545,202504,22417,22202,22365,22365,22384,0,74,22091.68,162158.68,0,162158.68,22393.85,22880.82,-306038.96,125900.75,-180138.21
2025/03/21,-346,-1535263,29319,130064948,202504,22377,22173,22177,22181,22201,0,-346,22091.68,50027.89,590.39,50618.28,22185.88,22880.82,-412708.89,121091.74,-291617.15
2025/03/24,-55,-243669,29264,129645373,202504,22399,22124,22160,22151,22170,0,-55,22091.68,39984.28,665.54,40649.82,22151.73,22880.82,-421884.44,120289.73,-301594.71
2025/03/25,160,713710,29424,131236925,202504,22443,22202,22298,22301,22323,0,160,22092.81,120752.92,665.54,121418.46,22303.44,22877.69,-341133.2,120289.73,-220843.47
2025/03/26,-118,-526633,29306,130728205,202504,22429,22250,22305,22304,22330,0,-118,22092.81,124371.5,1166.32,125537.82,22314.96,22877.69,-335662.31,118961.69,-216700.61
2025/03/27,-242,-1063609,29064,127713029,202504,22052,21891,21968,21971,21998,0,-242,22092.81,-72546.88,562.26,-71984.62,21975.39,22877.69,-528781.87,114594.59,-414187.27
2025/03/28,-188,-808235,28876,124738545,202504,21795,21485,21603,21599,21625,0,-188,22092.81,-282872.41,-1279.41,-284151.82,21495.61,22877.69,-736156.25,109398,-626758.25
2025/03/31,289,1198368,29165,121116412,202504,21065,20724,20769,20764,20796,0,289,22079.69,-764524.09,-1279.41,-765803.5,20733.01,22856.43,-1217599.91,109398,-1108201.91
2025/04/01,1041,4414427,30206,127994904,202504,21271,20888,21181,21187,21195,0,1041,22048.72,-524204.49,-1279.41,-525483.9,21202.82,22799.44,-977734.59,109398,-868336.59
2025/04/02,-406,-1728983,29800,126924160,202504,21360,21188,21304,21296,21321,0,-406,22048.72,-443850.64,-7326.5,-451177.14,21292.89,22799.44,-891284.82,97164.81,-794120.01
2025/04/07,0,0,29800,114235320,202504,19167,19167,19167,19167,19187,0,0,22048.72,-1717502.64,-7326.5,-1724829.14,19167,22799.44,-2164936.82,97164.81,-2067772.01
2025/04/08,-2144,-7553973,27656,100496301,202504,18754,18004,18190,18169,18178,0,-2144,22048.72,-2134332.9,-172788.24,-2307121.14,17616.54,22799.44,-2549575.85,-125078.06,-2674653.91
2025/04/09,-331,-1199358,27325,93910551,202504,18286,17139,17204,17184,17202,0,-331,22048.72,-2647637.2,-204860.26,-2852497.46,18117.19,22799.44,-3057910.33,-156074.58,-3213984.91
2025/04/10,-20,-75596,27305,103223825,202504,18902,18902,18902,18902,18899,0,-20,22048.72,-1718421.52,-206118.94,-1924540.46,18899,22799.44,-2128394.35,-157634.76,-2286029.11
2025/04/11,5326,20531522,32631,127535157,202504,19566,18441,19524,19543,19511,0,5326,21636.63,-1378747.32,-206118.94,-1584866.26,19274.8,22224.16,-1762175.87,-157634.76,-1919810.63
2025/04/14,302,1088098,32933,128359010,202504,19982,19450,19491,19497,19471,0,302,21616.96,-1400283.78,-206118.94,-1606402.72,18014.87,22185.56,-1774796.49,-157634.76,-1932431.25
2025/04/15,746,2860261,33679,133224083,202504,19833,19517,19798,19794,19779,0,746,21576.67,-1198075.16,-206118.94,-1404194.1,19170.65,22118.78,-1563227.81,-157634.76,-1720862.57
2025/04/16,-284,-1118744,33403,129262930,202504,19672,19426,19548,0,19353,1,-276,19549,-130939.76,-1560722.79,-1691662.55,19696.2,22118.78,-1717432.13,-171007.39,-1888439.53
2025/04/17,1152,4461219,34555,133845337,202505,19406,19112,19369,19367,19315,0,1152,19543,-120250.8,0,-120250.8,19362.93,22026.9,-1836875.01,-171007.39,-2007882.41
2025/04/18,1,3963,34556,133621141,202505,19432,19288,19330,19334,19278,0,1,19542.99,-147203.7,0,-147203.7,19815,22026.84,-1863837.61,-171007.39,-2034845.01
2025/04/21,-690,-2632721,33866,129361347,202505,19368,19027,19099,19099,19046,0,-690,19542.99,-300725.32,-6127.1,-306852.42,19077.69,22026.84,-1983082.19,-211705.64,-2194787.83
2025/04/22,-3647,-13717518,30219,113641571,202505,19035,18773,18797,18803,18745,0,-3647,19542.99,-450863.23,-60539.83,-511403.06,18806.58,22026.84,-1952048.56,-446591.29,-2398639.85
2025/04/23,2897,11332106,33116,129536546,202505,19596,19171,19554,19558,19473,0,2897,19543.96,6652.43,-60539.83,-53887.4,19558.35,21810.89,-1494784.74,-446591.29,-1941376.03
2025/04/24,157,615114,33273,129498516,202505,19682,19413,19466,19460,19385,0,157,19543.59,-51631.73,-60539.83,-112171.56,19589.62,21800.41,-1553457.06,-446591.29,-2000048.35
2025/04/25,871,3467435,34144,135708742,202505,20008,19848,19873,19873,19795,0,871,19551.99,219210.49,-60539.83,158670.66,19904.91,21752.06,-1283170.68,-446591.29,-1729761.97
2025/04/28,-138,-549784,34006,135785958,202505,20053,19933,19965,19965,19886,0,-138,19551.99,280895.55,-59399.93,221495.62,19919.71,21752.06,-1215413.44,-451648.57,-1667062.01
2025/04/29,430,1734206,34436,138811670,202505,20207,19963,20154,20155,20078,0,430,19559.51,409438.23,-59399.93,350038.3,20165.19,21732.24,-1086966.96,-451648.57,-1538615.53
2025/04/30,-70,-282498,34366,138522631,202505,20268,20065,20149,20154,20075,0,-70,19559.51,405169.34,-58574.64,346594.7,20178.43,21732.24,-1088194.02,-453823.9,-1542017.93
2025/05/02,990,4097592,35356,146246756,202505,20710,20469,20677,20682,20583,0,990,19590.8,768074.3,-58574.64,709499.66,20694.91,21703.2,-725643.66,-453823.9,-1179467.57
2025/05/05,479,1968528,35835,146371869,202505,20796,20206,20404,20423,20295,0,479,19601.67,575030.54,-58574.64,516455.9,20548.31,21687.76,-920069.9,-453823.9,-1373893.81
2025/05/06,554,2255639,36389,148067258,202505,20483,20150,20337,20345,20206,0,554,19612.86,527011.64,-58574.64,468437,20357.75,21667.51,-968318.74,-453823.9,-1422142.65
2025/05/07,24,103348,36413,148398250,202505,20560,20265,20381,20377,20229,0,24,19613.37,559033.96,-58574.64,500459.32,21530.83,21667.42,-936848.34,-453823.9,-1390672.25
2025/05/08,1280,5268824,37693,155129915,202505,20695,20452,20575,20578,20425,0,1280,19646.03,700316.4,-58574.64,641741.76,20581.34,21630.54,-795728.3,-453823.9,-1249552.21
2025/05/09,1479,6155874,39172,163308648,202505,20872,20596,20848,20845,20702,0,1479,19691.41,906120.18,-58574.64,847545.54,20810.93,21599.59,-588828.08,-453823.9,-1042651.99
2025/05/12,1677,7064603,40849,172162347,202505,21134,20978,21066,21073,20918,0,1677,19747.84,1076910.1,-58574.64,1018335.46,21063.22,21577.57,-417944.82,-453823.9,-871768.73
2025/05/13,1394,5952849,42243,180418427,202505,21520,21288,21360,21355,21201,0,1394,19801.04,1317102.22,-58574.64,1258527.58,21351.68,21570.12,-177520.8,-453823.9,-631344.71
2025/05/14,945,4110699,43188,188054173,202505,21787,21579,21768,21772,21628,0,945,19844.08,1661805.1,-58574.64,1603230.46,21749.73,21574.05,167527.38,-453823.9,-286296.53
2025/05/15,-132,-587371,43056,186800634,202505,21810,21676,21694,21695,21563,0,-132,19844.08,1593003.07,-53690.85,1539312.22,22248.9,21574.05,103292.47,-452042.29,-348749.83
2025/05/16,-6,-144179,43050,187764100,202505,21878,21679,21821,21823,21695,0,-6,19844.08,1702128.08,-53453.62,1648674.46,21823,21574.05,212625.07,-452012.42,-239387.35
2025/05/19,-591,-2961959,42459,182377572,202505,21748,21499,21538,21538,21441,0,-591,19844.08,1438442.94,-33431.48,1405011.46,21538,21574.05,-30611.83,-452438.51,-483050.35
2025/05/20,749,2928573,43208,185449150,202505,21772,21505,21539,21543,21451,0,749,19873.46,1439292.12,-33431.48,1405860.64,19549.89,21538.96,34.27,-452438.51,-452404.25
2025/05/21,878,3799342,44099,191239723,202505,21852,21549,21849,0,21672,1,891,21700.5,-25136.43,1577980.31,1552843.88,21636.34,21540.93,271713.4,-452438.51,-180725.11
2025/05/22,-977,-4198312,43122,185415976,202506,21550,21396,21503,21499,21220,0,-977,21700.5,-170331.9,-3859.15,-174191.05,21485.73,21540.93,-32710.57,-453517.05,-486227.61
2025/05/23,-895,-3834450,42227,181288957,202506,21640,21372,21470,21466,21185,0,-895,21700.5,-194666.47,-7985.1,-202651.57,21421.51,21540.93,-59901.48,-455654.66,-515556.13
2025/05/26,-418,-1790115,41809,178783646,202506,21569,21357,21385,21381,21070,0,-418,21700.5,-263814.79,-10622.68,-274437.47,21412.86,21540.93,-130383.82,-456725.31,-587109.13
2025/05/27,-915,-3878389,40894,173562314,202506,21438,21133,21233,21221,20922,0,-915,21700.5,-382358.9,-19177.93,-401536.83,21193.38,21540.93,-251848.1,-463085.4,-714933.49
2025/05/28,202,860830,41096,174658000,202506,21512,21150,21252,21250,20945,0,202,21698.3,-366819.18,-19177.93,-385997.11,21307.67,21539.78,-236533.3,-463085.4,-699618.69
2025/05/29,-1276,-5448140,39820,169768588,202506,21616,21275,21320,21317,21013,0,-1276,21698.3,-301274.52,-28832.03,-330106.55,21348.51,21539.78,-175033.92,-467966.62,-643000.53
2025/06/02,-2100,-8758688,37720,157443280,202506,21049,20790,20866,20870,20578,0,-2100,21698.3,-627883.71,-63788.44,-691672.15,20854.02,21539.78,-508300.7,-496768.64,-1005069.33
2025/06/03,-1255,-5272872,36465,152963382,202506,21221,20955,20971,20974,20685,0,-1255,21698.3,-530416.59,-82043.56,-612460.15,21007.46,21539.78,-414812.28,-510129.95,-924942.23
2025/06/04,1528,6566599,37993,163210330,202506,21533,21261,21482,21479,21191,0,1528,21689.6,-157744.29,-82043.56,-239787.85,21487.56,21537.68,-42309.96,-510129.95,-552439.91
2025/06/05,1399,6028327,39392,169811034,202506,21677,21512,21553,21554,21260,0,1399,21684.75,-103794.23,-82043.56,-185837.79,21545.13,21537.95,11860.34,-510129.95,-498269.61
2025/06/06,-1306,-5634019,38086,164272535,202506,21630,21513,21578,21566,21281,0,-1306,21684.75,-81310.04,-84831.75,-166141.79,21569.75,21537.95,30510.12,-509299.19,-478789.07
2025/06/09,244,1060056,38330,166497854,202506,21788,21626,21727,21719,21438,0,244,21685.01,32186.24,-84831.75,-52645.51,21722.46,21539.12,144028.56,-509299.19,-365270.63
2025/06/10,1116,4939787,39446,174478891,202506,22236,21850,22113,22116,21826,0,1116,21697.12,328093.84,-84831.75,243262.09,22131.66,21555.88,439519.62,-509299.19,-69779.57
2025/06/11,78,326810,39524,176603126,202506,22355,22190,22351,22344,22071,0,78,21698.41,515856.8,-84831.75,431025.05,20949.36,21554.69,629469.14,-509299.19,120169.95
2025/06/12,458,2011303,39982,177890969,202506,22329,22214,22252,22253,21955,0,458,21704.75,437599.28,-84831.75,352767.53,21957.46,21559.3,553909.64,-509299.19,44610.45
2025/06/13,-623,-2966887,39359,172416016,202506,22139,21893,21940,21940,21609,0,-623,21704.75,185180.44,-81900.59,103279.85,23811.29,21559.3,299678.45,-481239.39,-181560.93
2025/06/16,-2569,-12488976,36790,160558744,202506,22061,21868,22032,22032,21686,0,-2569,21704.75,240787.13,-65086.72,175700.41,24307.08,21559.3,347811.75,-340058.68,7753.07
2025/06/17,524,1226815,37314,162609227,202506,22260,22061,22159,22163,21784,0,524,21711.13,334233.73,-65086.72,269147.01,22163,21567.78,441216.43,-340058.68,101157.75
2025/06/18,1010,4443805,38324,168096729,202506,22384,22080,22308,0,21930,1,1010,22232,-231476.96,334146.95,102669.99,21999.03,21579.14,558653.25,-340058.68,218594.57
2025/06/19,-730,-3151310,37594,163180517,202507,21857,21675,21704,21703,21548,0,-730,22232,-396992.64,-7708.8,-404701.44,21584.32,21579.14,93876.44,-339983.19,-246106.75
2025/06/20,-142,-612428,37452,162167160,202507,21743,21470,21653,21650,21515,0,-142,22232,-433694.16,-9353.16,-443047.32,21564.37,21579.14,55320.81,-340025.16,-284704.35
2025/06/23,1181,5069969,38633,165905555,202507,21484,21205,21473,21472,21333,0,1181,22208.8,-568521.36,-9353.16,-577874.52,21464.73,21575.65,-79311.03,-340025.16,-419336.19
2025/06/24,1501,6587351,40134,176260502,202507,21966,21764,21959,21959,21815,0,1501,22199.46,-193008.6,-9353.16,-202361.76,21943.21,21589.39,296675.81,-340025.16,-43349.35
2025/06/25,1711,7580816,41845,185482147,202507,22168,22017,22159,22163,22006,0,1711,22197.8,-32472.6,-9353.16,-41825.76,22153.17,21612.45,457411.19,-340025.16,117386.03
2025/06/26,127,560527,41972,185642156,202507,22263,22078,22117,22115,21942,0,127,22197.56,-67622.4,-9353.16,-76975.56,22067.99,21613.82,422385.87,-340025.16,82360.71
2025/06/27,2076,9179791,44048,194885971,202507,22221,21989,22121,22122,21948,0,2076,22193.95,-64264.64,-9353.16,-73617.8,22109.32,21637.18,426228.45,-340025.16,86203.29
2025/06/30,1313,5811270,45361,200894797,202507,22254,22083,22145,22144,21967,0,1313,22192.53,-43121.6,-9353.16,-52474.76,22129.74,21651.43,447772.19,-340025.16,107747.03
2025/07/01,1487,6657324,46848,209429299,202507,22593,22191,22353,22352,22174,0,1487,22197.62,145580.16,-9353.16,136227,22385.08,21674.72,635519.77,-340025.16,295494.61
2025/07/02,806,3610036,47654,213423205,202507,22401,22208,22396,22393,22220,0,806,22200.98,185869.44,-9353.16,176516.28,22394.76,21686.9,675828.97,-340025.16,335803.81
2025/07/03,1383,6272088,49037,222431832,202507,22716,22547,22675,22680,22506,0,1383,22214.35,451778.76,-9353.16,442425.6,22675.66,21714.79,941719.99,-340025.16,601694.83
2025/07/04,-526,-2360227,48511,217678559,202507,22762,22431,22435,22436,22268,0,-526,22214.35,214079.91,-7031.91,207048,22435.62,21714.79,698765.74,-332442.01,366323.73
2025/07/07,-594,-2651967,47917,213977896,202507,22506,22244,22336,22328,22166,0,-594,22214.35,116582.92,-5586.7,110996.22,22322.95,21714.79,595333.94,-325216.98,270116.97
2025/07/08,1322,5887799,49239,219191988,202507,22397,22141,22251,22258,22083,0,1322,22215.33,35124.02,-5586.7,29537.32,22268.53,21729.65,513411.58,-325216.98,188194.61
2025/07/09,980,4387639,50219,225316662,202507,22473,22146,22434,22434,22266,0,980,22219.6,215338.76,-5586.7,209752.06,22385.91,21742.46,694568.82,-325216.98,369351.85
2025/07/10,159,715177,50378,227768575,202507,22647,22410,22611,22607,22430,0,159,22220.84,393114.02,-5586.7,387527.32,22489.84,21744.82,872729.36,-325216.98,547512.39
2025/07/11,1595,7130157,51973,236512888,202507,22774,22488,22764,22767,22578,0,1595,22237.5,547270.7,-5586.7,541684,22351.59,21763.44,1040041.94,-325216.98,714824.97
2025/07/14,-662,-3712538,51311,230562720,202507,22695,22520,22551,22547,22396,0,-662,22237.5,321715.04,-1436.02,320279.02,22547,21763.44,808209.67,-314842.64,493367.03
2025/07/15,162,26235,51473,233414160,202507,22882,22512,22810,22804,22675,0,162,22239.31,587506.02,-1436.02,586070,22804,21766.72,1074020.09,-314842.64,759177.45
2025/07/16,391,1753619,51864,237713457,202507,23116,22845,23047,0,22920,1,391,22980.5,-62755.44,767389.06,704633.62,22424.8,21771.68,1322867.75,-314842.64,1008025.11
2025/07/17,-1445,-6668594,50419,233308880,202508,23150,22866,23148,23137,23051,0,-1445,22980.5,168903.65,4840.75,173744.4,23074.72,21771.68,1387857.27,-277184.69,1110672.59
2025/07/18,-4864,-22641784,45555,211921860,202508,23399,23230,23262,23260,23179,0,-4864,22980.5,256474.65,32225.07,288699.72,23274.86,21771.68,1357833.91,-130954.96,1226878.95
2025/07/21,-1902,-8832420,43653,202724532,202508,23301,23172,23228,23220,23163,0,-1902,22980.5,216082.35,41639.97,257722.32,23218.77,21771.68,1271457.95,-75907.53,1195550.43
2025/07/22,-2035,-9363510,41618,191409506,202508,23406,22977,22990,22996,22943,0,-2035,22980.5,7907.42,42026.62,49934.04,23006.17,21771.68,1014083.9,-25663.75,988420.15
2025/07/23,-762,-3533121,40856,189441101,202508,23258,23000,23186,23184,23122,0,-762,22980.5,167918.16,45158.44,213076.6,23183.21,21771.68,1155672.17,-4152,1151520.17
2025/07/24,-372,-1733612,40484,188679731,202508,23408,23229,23310,23303,23226,0,-372,22980.5,266789.56,47609.92,314399.48,23301.24,21771.68,1245549.92,7227.93,1252777.85
2025/07/25,-1274,-5923455,39210,182224554,202508,23328,23207,23238,23237,23152,0,-1274,22980.5,201931.5,54171.02,256102.52,23247.47,21771.68,1149891.03,44831.11,1194722.15
2025/07/28,-1650,-7715928,37560,175668120,202508,23483,23265,23392,23385,23308,0,-1650,22980.5,309118.8,67750.52,376869.32,23381.6,21771.68,1217187.15,97958.6,1315145.75
2025/07/29,-2900,-13421132,34660,160482732,202508,23359,23027,23163,23151,23085,0,-2900,22980.5,126509,78335.52,204844.52,23139.88,21771.68,964465.58,177314.57,1141780.15
2025/07/30,-1545,-7218314,33115,154706657,202508,23421,23198,23361,23359,23299,0,-1545,22980.5,252005.15,90092.97,342098.12,23360.24,21771.68,1052609.07,226401.17,1279010.25
2025/07/31,-821,-3868526,32294,152324340,202508,23621,23355,23589,23584,23540,0,-821,22980.5,393017.98,100084.54,493102.52,23559.84,21771.68,1173773.02,255762.85,1429535.87
2025/08/01,-608,-2838681,31686,147941894,202508,23442,23048,23344,23345,23272,0,-608,22980.5,230357.22,104504.7,334861.92,23344.42,21771.68,996412.96,274887.36,1271300.33
2025/08/04,1037,4832844,32723,152305885,202508,23300,23032,23260,23272,23172,0,1037,22989.36,177124.74,104504.7,281629.44,23302.04,21820.17,942308.48,274887.36,1217195.85
2025/08/05,162,765226,32885,155065880,202508,23584,23421,23575,23577,23494,0,162,22992.24,383279.64,104504.7,487784.34,23618.09,21829.03,1148323.78,274887.36,1423211.15
2025/08/06,-1244,-5825067,31641,148187419,202508,23483,23381,23425,23417,23355,0,-1244,22992.24,273857.63,115271.71,389129.34,23412.65,21829.03,1009961.08,314287.77,1324248.85
2025/08/07,539,2587387,32180,154444640,202508,24054,23653,23997,23997,23910,0,539,23009.07,635830.67,115271.71,751102.38,24001.73,21865.42,1371883.08,314287.77,1686170.85
2025/08/08,-614,-2943978,31566,151220033,202508,24095,23947,23949,23953,23873,0,-614,23009.07,593395.55,126814.03,720209.58,23973.76,21865.42,1315403.95,340178.18,1655582.13
2025/08/11,-1420,-6853902,30146,145593079,202508,24223,23833,24162,24148,24088,0,-1420,23009.07,695123.55,159557.19,854680.74,24133.46,21865.42,1384652.32,404590.37,1789242.69
2025/08/12,-274,-1322482,29872,144233921,202508,24241,24088,24135,24142,24066,0,-274,23009.07,672674.62,165727.28,838401.9,24132.88,21865.42,1355936.19,417016.05,1772952.25
2025/08/13,-538,-2616889,29334,142815471,202508,24412,24154,24347,24343,24277,0,-538,23009.07,784935.79,180123.39,965059.18,24320.53,21865.42,1455891.7,443433,1899324.71
2025/08/14,-706,-3427855,28628,138855186,202508,24362,24207,24250,24252,24191,0,-706,23009.07,710505.92,197645.3,908151.22,24276.59,21865.42,1365313.51,477478.73,1842792.25
2025/08/15,-2990,-14558356,25638,124565859,202508,24385,24188,24312,24297,24289,0,-2990,23009.07,668089.53,275560.41,943649.94,24345.08,21865.42,1254506.92,625762.05,1880268.97
2025/08/18,-18,-156639,25620,125072997,202508,24462,24176,24426,24424,24399,0,-18,23009.07,726034.08,276070.5,1002104.58,24424,21865.42,1312039.75,626683.14,1938722.89
2025/08/19,-444,-2240465,25176,122291342,202508,24447,24313,24342,24346,24284,0,-444,23009.07,671156.07,287906.91,959062.98,25230.46,21865.42,1247006.14,656564.68,1903570.83
2025/08/20,-1426,-6743153,23750,112389750,202508,24201,23631,23637,0,23667,1,-1426,23916,-118275,718697.86,600422.86,23643.59,21865.42,841499.16,707278.12,1548777.29
2025/08/21,-139,-662411,23611,112633914,202509,23943,23691,23852,23852,23830,0,-139,23916,-30222.08,-177.92,-30400,23827.73,21865.42,938101.48,712733.35,1650834.83
2025/08/22,-406,-1930195,23205,110223764,202509,23982,23732,23750,23750,23743,0,-406,23916,-77040.6,-1525.84,-78566.44,23770.87,21865.42,874632.27,728205.61,1602837.89
2025/08/25,306,1483576,23511,114051891,202509,24314,24070,24251,24255,24240,0,306,23920.36,155473.5,-1525.84,153947.66,24241.44,21896.35,1107204.89,728205.61,1835410.51
2025/08/26,-365,-1769986,23146,112281256,202509,24281,24090,24253,24255,24250,0,-365,23920.36,153985.67,902.43,154888.1,24246.38,21896.35,1090941.76,745360.88,1836302.65
2025/08/27,16,78334,23162,113327048,202509,24496,24331,24463,24464,24459,0,16,23920.73,251198.87,902.43,252101.3,24479.38,21898.13,1188149.72,745360.88,1933510.61
2025/08/28,-446,-2162293,22716,110054469,202509,24420,24203,24228,24224,24228,0,-446,23920.73,139596.66,3643.24,143239.9,24240.95,21898.13,1058505.9,766258.85,1824764.75
2025/08/29,240,1165103,22956,111419257,202509,24453,24246,24267,24268,24260,0,240,23924.36,157315.14,3643.24,160958.38,24272.98,21922.96,1076195.68,766258.85,1842454.53
2025/09/01,-523,-2504647,22433,107709789,202509,24245,23847,24008,24007,24016,0,-523,23924.36,37528.14,4518.16,42046.3,23945,21922.96,935474.08,787409.39,1722883.47
2025/09/02,-300,-1438878,22133,106114479,202509,24249,23879,23965,23972,23966,0,-300,23924.36,17991.89,4762.03,22753.92,23981.3,21922.96,903929.46,799759.43,1703688.89
2025/09/03,-252,-1209535,21881,105015660,202509,24083,23888,23997,23997,24000,0,-252,23924.36,31790.88,5128.16,36919.04,23998.71,21922.96,907641.42,810221.21,1717862.63
2025/09/04,-210,-1014739,21671,104584250,202509,24365,24113,24132,24130,24129,0,-210,23924.36,89997.47,6000.27,95997.74,24160.45,21922.96,957442.15,819618.68,1777060.83
2025/09/05,148,723109,21819,106581475,202509,24429,24286,24419,24424,24412,0,148,23927.71,214389.01,6000.27,220389.28,24429.36,21939.96,1081803.03,819618.68,1901421.71
2025/09/08,226,1110142,22045,108267448,202509,24674,24518,24551,24556,24543,0,226,23934.1,271991.17,6000.27,277991.44,24560.66,21966.83,1139361.51,819618.68,1958980.19
2025/09/09,407,2018842,22452,111375467,202509,24838,24660,24802,24803,24788,0,407,23949.83,382657.07,6000.27,388657.34,24801.5,22018.21,1250031.49,819618.68,2069650.17
2025/09/10,-69,-346977,22383,112702977,202509,25244,24961,25178,25176,25148,0,-69,23949.83,549801.24,7695.14,557496.38,25143.26,22018.21,1414510.02,823931.24,2238441.27
2025/09/11,-238,-1198545,22145,111756829,202509,25464,25176,25240,25233,25226,0,-238,23949.83,571414.96,13836.34,585251.3,25179.52,22018.21,1426929.24,838979.05,2265908.29
2025/09/12,-291,-1476104,21854,111278251,202509,25466,25350,25459,25458,25475,0,-291,23949.83,659626.71,22619.69,682246.4,25362.61,22018.21,1503898.96,858443.44,2362342.41
2025/09/15,-1690,-8541490,20164,102249471,202509,25450,25269,25353,25347,25361,0,-1690,23949.83,565869.19,70046.73,635915.92,25270.68,22018.21,1344852.7,968376.83,2313229.53
2025/09/16,321,1652538,20485,105026461,202509,25663,25410,25629,25625,25639,0,321,23976.15,677174.47,70046.73,747221.2,25740.47,22076.54,1455442.36,968376.83,2423819.19
2025/09/17,-210,-1070253,20275,103293015,202509,25583,25402,25433,0,25470,1,-210,25492.5,-9123.75,684928.46,675804.71,25482.21,22076.54,1361044.03,982680.65,2343724.69
2025/09/18,-291,-1496353,19984,102765722,202510,25747,25490,25709,25712,25706,0,-291,25492.5,86530.72,1260.03,87790.75,25710.53,22076.54,1451821.12,1003830.48,2455651.61
2025/09/19,-520,-2667110,19464,99928176,202510,25853,25636,25671,25670,25673,0,-520,25492.5,69486.48,3116.43,72602.91,25645.29,22076.54,1399250.91,1040945.46,2440196.37
2025/09/22,83,430276,19547,101226094,202510,25941,25689,25891,25893,25892,0,83,25494.19,155128.08,3116.43,158244.51,25920.24,22092.86,1484843.97,1040945.46,2525789.43
2025/09/23,332,1743417,19879,104416435,202510,26328,26023,26273,26263,26272,0,332,25507.2,304467.16,3116.43,307583.59,26256.28,22162.4,1634294.07,1040945.46,2675239.53
2025/09/24,18,94250,19897,104395580,202510,26393,26072,26237,26234,26245,0,18,25507.86,290154.28,3116.43,293270.71,26180.56,22166.03,1620001.51,1040945.46,2660946.97
2025/09/25,-156,-814184,19741,103028279,202510,26283,26087,26097,26095,26111,0,-156,25507.86,232604.56,4954.55,237559.11,26095.64,22166.03,1552025.29,1053205.84,2605231.13
2025/09/26,-325,-1667254,19416,99642912,202510,25991,25500,25669,25660,25695,0,-325,25507.86,62574.19,6001.96,68576.15,25650.06,22166.03,1360273.02,1075852.04,2436125.07
2025/09/30,451,2340870,19867,103121651,202510,26046,25797,25954,25953,25968,0,451,25517.99,173245.39,6001.96,179247.35,25952,22251.98,1470962.3,1075852.04,2546814.35
2025/10/01,176,915042,20043,104395970,202510,26375,26000,26045,26043,26061,0,176,25522.61,209403.33,6001.96,215405.29,25995.51,22284.85,1507294.44,1075852.04,2583146.49
2025/10/02,211,1114768,20254,107038339,202510,26527,26381,26431,26424,26444,0,211,25532.08,364135.29,6001.96,370137.25,26416.3,22327.89,1662088.42,1075852.04,2737940.47
2025/10/03,-361,-1929829,19893,106371849,202510,26764,26388,26745,26736,26760,0,-361,25532.08,482573.11,14759.26,497332.37,26728.93,22327.89,1757392,1107627.59,2865019.59
2025/10/07,623,3403071,20516,112087114,202510,27356,26995,27322,27317,27345,0,623,25586.43,712138.33,14759.26,726897.59,27311.97,22479.24,1987082.24,1107627.59,3094709.83
2025/10/08,-211,-1143143,20305,110024938,202510,27127,26912,27093,27093,27133,0,-211,25586.43,611817.33,21116.98,632934.31,27088.7,22479.24,1873648.88,1127079.5,3000728.39
2025/10/09,249,1365023,20554,112383853,202510,27455,27273,27335,27338,27381,0,249,25607.61,710093.53,21116.98,731210.51,27410.1,22538.97,1971551.08,1127079.5,3098630.59
2025/10/13,761,4252761,21315,114908253,202510,26945,26390,26904,26915,26958,0,761,25653.9,532918.05,21116.98,554035.03,27941.93,22731.87,1778578.38,1127079.5,2905657.89
2025/10/14,39,276304,21354,114327566,202510,27450,26716,26718,26725,26765,0,39,25655.84,453626.25,21116.98,474743.23,26725,22739.16,1699281.12,1127079.5,2826360.63
2025/10/15,497,2708652,21851,119258389,202510,27191,26775,27156,0,27288,1,497,26983,133291.1,601111.38,734402.48,27250.02,22841.76,1885407.6,1127079.5,3012487.11
2025/10/16,31,173619,21882,121742694,202511,27877,27450,27822,27818,27801,0,31,26984.19,366659.78,0,366659.78,28003.06,22849.08,2176350.66,1127079.5,3303430.17
2025/10/17,-78,-425869,21804,119171948,202511,27545,27244,27328,27328,27338,0,-78,26984.19,149929.27,536.35,150465.62,27299.29,22849.08,1953169.38,1134021.84,3087191.23
2025/10/20,505,2805349,22309,123948804,202511,27824,27432,27783,27780,27780,0,505,27002.27,348345.67,536.35,348882.02,27775.73,22960.6,2151659.18,1134021.84,3285681.03
2025/10/21,-5,-27943,22304,124148530,202511,28036,27798,27833,27831,27839,0,-5,27002.27,370571.6,619.42,371191.02,27943,22960.6,2173480.94,1134520.09,3308001.03
2025/10/22,-2027,-11246480,20277,112367023,202511,27797,27526,27704,27708,27708,0,-2027,27002.27,284579.19,29067.51,313646.7,27741.69,22960.6,1923639.12,1328345.43,3251984.55
2025/10/23,-566,-3119775,19711,108631265,202511,27629,27313,27556,27556,27559,0,-566,27002.27,218291.05,35335.73,253626.78,27559.85,22960.6,1811599.25,1380408.96,3192008.21
2025/10/27,784,4423425,20495,115669685,202511,28291,28079,28225,28219,28228,0,784,27049.04,482024.23,35335.73,517359.96,28210.62,23161.43,2075557.93,1380408.96,3455966.89
2025/10/28,-274,-1534776,20221,113257825,202511,28250,27984,28002,28005,28007,0,-274,27049.04,385394.34,40557.92,425952.26,28006.86,23161.43,1957623.9,1406961.93,3364585.83
2025/10/29,666,3784101,20887,118696648,202511,28446,28203,28412,28414,28419,0,666,27092.5,551206.54,40557.92,591764.46,28409.17,23328.76,2123473.84,1406961.93,3530435.77
2025/10/30,46,260011,20933,118895255,202511,28552,28181,28398,28399,28402,0,46,27095.37,545358.18,40557.92,585916.1,28262.07,23339.6,2117750.54,1406961.93,3524712.47
2025/10/31,186,1059370,21119,120082639,202511,28588,28378,28431,28430,28444,0,186,27107.14,559173.96,40557.92,599731.88,28477.69,23384.85,2131392.64,1406961.93,3538354.57
2025/11/03,-116,-657476,21003,119049213,202511,28583,28229,28340,28341,28357,0,-116,27107.14,517877.13,43418.17,561295.3,28339.48,23384.85,2081460.11,1418456.67,3499916.79
2025/11/04,-384,-2160030,20619,115957145,202511,28594,28113,28117,28119,28141,0,-384,27107.14,416447.99,51173.93,467621.92,28125.39,23384.85,1951443.82,1454864.02,3406307.85
2025/11/05,250,1391010,20869,116065043,202511,27850,27415,27805,27808,27826,0,250,27115.5,287785.43,51173.93,338959.36,27820.2,23437.98,1822705.26,1454864.02,3277569.29
2025/11/06,304,1704380,21173,118712789,202511,28141,27903,28034,28034,28051,0,304,27128.68,383365.45,51173.93,434539.38,28032.57,23503.95,1918294,1454864.02,3373158.03
2025/11/07,-334,-1852231,20839,115535594,202511,27838,27596,27730,27721,27750,0,-334,27128.68,250616.81,55190.73,305807.54,27728.01,23503.95,1761332.16,1483080.72,3244412.89
2025/11/10,575,3220105,21414,119986934,202511,28039,27718,28016,28016,28035,0,575,27152.51,369815.89,55190.73,425006.62,28000.91,23624.7,1880704.74,1483080.72,3363785.47
2025/11/11,-193,-1072427,21221,117904138,202511,28180,27762,27780,27780,27791,0,-193,27152.51,266319.7,57612.84,323932.54,27783.08,23624.7,1763591.22,1499132.07,3262723.29
2025/11/12,457,2564424,21678,121652527,202511,28078,27858,28054,28059,28055,0,457,27171.51,382610.78,57612.84,440223.62,28057.16,23718.14,1879853.46,1499132.07,3378985.53
2025/11/13,46,257858,21724,121559582,202511,28044,27802,27980,27978,27988,0,46,27173.23,350527.34,57612.84,408140.18,28028.04,23727.27,1847725.82,1499132.07,3346857.89
2025/11/14,639,3507133,22363,122569449,202511,27596,27366,27401,27404,27433,0,639,27179.73,98963.42,57612.84,156576.26,27442.36,23833.43,1595633.38,1499132.07,3094765.45
2025/11/17,-428,-2472686,21935,120472667,202511,27690,27465,27479,27481,27441,0,-428,27179.73,131287.98,60174.56,191462.54,28886.52,23833.43,1599313.54,1542386.55,3141700.09
2025/11/18,572,3086846,22507,120735732,202511,27298,26772,26805,26814,26805,0,572,27170.21,-164395.82,60174.56,-104221.26,26982.92,23913.47,1301594.34,1542386.55,2843980.89
2025/11/19,684,3644492,23191,123403949,202511,26915,26537,26615,0,26595,1,684,26726,-60760.42,-145859.12,-206619.54,26641.02,23993.91,1215711.74,1542386.55,2758098.29
2025/11/20,911,5007387,24102,132483873,202512,27492,27201,27482,27484,27508,0,911,26754.58,350647.92,0,350647.92,27482.91,24125.79,1617827.02,1542386.55,3160213.57
2025/11/21,-64,-337797,24038,127286018,202512,26770,26397,26486,26476,26507,0,-64,26754.58,-129120.14,-343.78,-129463.92,26390.39,24125.79,1134694.11,1545285.23,2679979.35
2025/11/24,161,856587,24199,128806438,202512,26730,26536,26615,26614,26634,0,161,26753.65,-67102.1,-343.78,-67445.88,26602.08,24142.27,1196753.75,1545285.23,2742038.99
2025/11/25,147,792419,24346,131142164,202512,27105,26773,26933,26933,26951,0,147,26754.73,86803.54,-343.78,86459.76,26953.03,24159.24,1350600.51,1545285.23,2895885.75
2025/11/26,115,631000,24461,133747856,202512,27384,27133,27329,27339,27339,0,115,26757.43,279623.86,-343.78,279280.08,27434.78,24174.64,1543177.53,1545285.23,3088462.77
2025/11/27,593,3271755,25054,138192854,202512,27649,27461,27583,27579,27592,0,593,26776.97,403885.74,-343.78,403541.96,27586.47,24255.39,1667398.29,1545285.23,3212683.53
2025/11/28,-167,-926291,24887,138058143,202512,27854,27558,27744,27737,27754,0,-167,26776.97,481329.73,2886.11,484215.84,27733.26,24255.39,1736420.22,1556901.33,3293321.55
2025/12/01,-375,-2054572,24512,134355174,202512,27674,27401,27404,27406,27425,0,-375,26776.97,307395.41,7588.83,314984.24,27394.29,24255.39,1543574.05,1580443.09,3124017.15
2025/12/02,-413,-2276510,24099,132828868,202512,27789,27528,27561,27559,27584,0,-413,26776.97,377886.99,14064.93,391951.92,27560.65,24255.39,1593237.4,1607744.56,3200981.97
2025/12/03,-76,-420365,24023,133375696,202512,27888,27690,27758,27760,27795,0,-76,26776.97,471345.89,15556.09,486901.98,27655.59,24255.39,1682863.49,1612912.87,3295776.37
2025/12/04,89,494864,24112,134053075,202512,27880,27670,27799,27798,27828,0,89,26780.74,491044.75,15556.09,506600.84,27801.35,24268.48,1702558.17,1612912.87,3315471.05
2025/12/05,174,974496,24286,136050172,202512,28019,27763,28016,28010,28048,0,174,26789.59,595690.83,15556.09,611246.92,28002.76,24295.23,1807250.33,1612912.87,3420163.21
2025/12/08,187,1057784,24473,138438867,202512,28298,28019,28286,28284,28313,0,187,26801.03,726835.23,15556.09,742391.32,28282.99,24325.71,1938405.97,1612912.87,3551318.85
2025/12/09,-147,-829678,24326,137281348,202512,28360,28204,28220,28217,28255,0,-147,26801.03,690359.09,19727.87,710086.96,28220.34,24325.71,1894652.39,1624363.1,3519015.49
2025/12/10,583,3311527,24909,141483120,202512,28434,28252,28398,28400,28430,0,583,26838.4,776959.65,19727.87,796687.52,28400.75,24421.08,1981220.93,1624363.1,3605584.03
2025/12/11,-407,-2286843,24502,137706700,202512,28602,28059,28110,28101,28146,0,-407,26838.4,623133.01,30078.67,653211.68,28093.89,24421.08,1807717.3,1654259.79,3461977.09
2025/12/12,-266,-1502732,24236,137130124,202512,28342,28157,28292,28290,28344,0,-266,26838.4,704587.16,37811.8,742398.96,28246.84,24421.08,1876311.29,1674612.83,3550924.13
2025/12/15,-97,-272394,24139,135014484,202512,27984,27755,27907,27910,28004,0,-97,26838.4,515896.88,39884.88,555781.76,27910,24421.08,1682931.41,1681381.33,3364312.75
2025/12/16,858,4954156,24997,138625983,202512,27689,27411,27624,27635,27713,0,858,26865.37,379270.14,39884.88,419155.02,28870.37,24573.8,1524916.91,1681381.33,3206298.25
2025/12/17,183,1011296,25180,139441849,202512,27773,27474,27483,0,27692,1,183,27623.5,34496.6,421679.81,456176.41,27631.04,24596.02,1453883.55,1681381.33,3135264.89
2025/12/18,346,1912394,25526,140893351,202601,27679,27457,27591,27598,27663,0,346,27623.06,-16367,0,-16367,27635.75,24637.22,1507962.67,1681381.33,3189344.01
2025/12/19,563,3140950,26089,145561003,202601,27983,27795,27894,27897,27954,0,563,27628.91,138320.56,0,138320.56,27894.76,24707.52,1662641.67,1681381.33,3344023.01
2025/12/22,1228,6951817,27317,154838258,202601,28368,28170,28341,28341,28403,0,1228,27660.92,371556.22,0,371556.22,28305.44,24869.26,1896750.59,1681381.33,3578131.93
2025/12/23,484,2750641,27801,157993123,202601,28455,28359,28413,28415,28486,0,484,27674.01,410892.7,0,410892.7,28415.71,24931,1936060.81,1681381.33,3617442.15
2025/12/24,473,2693196,28274,160975235,202601,28577,28400,28472,28467,28544,0,473,27687.36,443697.88,0,443697.88,28469.3,24990.19,1968891.51,1681381.33,3650272.85
2025/12/26,540,3097866,28814,165259858,202601,28714,28536,28673,28677,28744,0,540,27705.83,557359.36,0,557359.36,28683.94,25059.42,2082434.79,1681381.33,3763816.13
2025/12/29,-862,-4988190,27952,161786219,202601,28998,28713,28950,28940,29020,0,-862,27705.83,695539.47,21449.45,716988.92,28933.82,25059.42,2174990.73,1748175.96,3923166.69
2025/12/30,-772,-4457811,27180,156964547,202601,28942,28705,28881,28875,28953,0,-772,27705.83,638821.12,39594.04,678415.16,28871.83,25059.42,2077411.75,1807039.64,3884451.39
2025/12/31,-484,-2805429,26696,154911598,202601,29053,28782,29016,29014,29100,0,-484,27705.83,699524.7,52276.46,751801.16,28981.7,25059.42,2112498.04,1845007.37,3957505.41
2026/01/02,340,2003906,27036,159398895,202601,29500,29026,29473,29479,29554,0,340,27728.06,943526.14,52276.46,995802.6,29469.21,25114.88,2356525.28,1845007.37,4201532.65
2026/01/05,457,2771507,27493,166657122,202601,30487,29850,30313,30309,30410,0,457,27771.02,1397730.94,52276.46,1450007.4,30322.83,25201.44,2810640.2,1845007.37,4655647.57
2026/01/06,24,138316,27517,168552700,202601,30672,30183,30617,30627,30730,0,24,27773.51,1564888.38,52276.46,1617164.84,28815.83,25204.6,2978662.2,1845007.37,4823669.57
2026/01/07,-536,-3272606,26981,164670508,202601,30676,30448,30516,30516,30640,0,-536,27773.51,1479904.51,81675.99,1561580.5,30528.04,25204.6,2866139.61,1902074.69,4768214.31
2026/01/08,-150,-913845,26831,163443785,202601,30663,30353,30458,30458,30572,0,-150,27773.51,1440553.06,89729.48,1530282.54,30461.5,25204.6,2819081.44,1917845.41,4736926.85
2026/01/09,-278,-1693061,26553,161723767,202601,30578,30005,30456,30453,30562,0,-278,27773.51,1424565.16,104644.14,1529209.3,30450.74,25204.6,2788810.4,1947013.95,4735824.35
2026/01/12,-125,-767443,26428,162267992,202601,30763,30555,30701,30700,30821,0,-125,27773.51,1547356.12,111962.88,1659319,30697.72,25204.6,2905179.09,1960746.76,4865925.85
2026/01/13,-112,-689726,26316,162475056,202601,31252,30626,30874,30870,30993,0,-112,27773.51,1631851.9,118907.98,1750759.88,30791.34,25204.6,2983920.5,1973261.06,4957181.57
2026/01/14,-264,-1635960,26052,161418269,202601,31162,30937,30982,30980,31106,0,-264,27773.51,1671753.61,135848.83,1807602.44,30984.09,25204.6,3010258.37,2003776.79,5014035.17
2026/01/15,459,2851021,26511,164633806,202601,31057,30744,31050,31050,31127,0,459,27830.23,1707184.33,135848.83,1843033.16,31056.87,25305.92,3045625.99,2003776.79,5049402.79
2026/01/16,486,3062527,26997,169955900,202601,31536,31157,31474,31476,31568,0,486,27895.83,1931997.61,135848.83,2067846.44,31507.48,25417.56,3270113.85,2003776.79,5273890.65
2026/01/19,197,1576827,27194,172596698,202601,31774,31208,31669,31672,31786,0,197,27923.16,2037285.91,135848.83,2173134.74,31672,25462.87,3375390.33,2003776.79,5379167.13
2026/01/20,-228,-1193187,26970,171423202,202601,31742,31328,31672,31668,31800,0,-224,27923.16,2022122.76,152643.62,2174766.38,31668,25462.87,3349205.07,2031575.78,5380780.85
2026/01/21,-369,-2315960,23890,150368438,202601,31650,31200,31245,0,31484,1,-3080,31425,28190.2,1825821.41,1854011.61,31381.57,25462.87,2762702.02,2396167.85,5158869.87
2026/01/22,230,1465376,24120,153707112,202602,32057,31783,31857,31863,31910,0,230,31429.12,206409.6,0,206409.6,31856,25523.83,3055120.22,2396167.85,5451288.07
2026/01/23,643,4134707,24763,159270663,202602,32166,31873,32153,32159,32203,0,643,31447.92,349200,0,349200,32151.69,25695.93,3197927.5,2396167.85,5594095.35
2026/01/26,675,4340568,25438,163566340,202602,32231,32086,32144,32150,32181,0,675,31466.39,344742.66,0,344742.66,32152.36,25867.25,3193357.36,2396167.85,5589525.21
2026/01/27,329,2138382,25767,167511267,202602,32532,32206,32509,32505,32530,0,329,31479.7,530440.06,0,530440.06,32498.21,25951.92,3379125.78,2396167.85,5775293.63
2026/01/28,695,4577182,26462,174252270,202602,32938,32668,32927,32925,32957,0,695,31517.71,745852.18,0,745852.18,32929.37,26135.18,3594505,2396167.85,5990672.85
2026/01/29,-77,-504819,26385,172948398,202602,33014,32587,32777,32774,32811,0,-77,31517.71,664526.87,1939.31,666466.18,32780.45,26135.18,3504890.59,2406401.58,5911292.17
2026/01/30,-818,-5279964,25567,164917377,202602,32526,32092,32247,32252,32298,0,-818,31517.71,372914.7,13870.48,386785.18,32273.62,26135.18,3125220.15,2506826.5,5632046.65
2026/02/02,-167,-1056600,25400,160610381,202602,31964,31392,31610,31616,31655,0,-167,31517.71,46882.88,14178.72,61061.6,31634.73,26135.18,2781210.65,2525195.01,5306405.67
2026/02/03,779,5036815,26179,169033752,202602,32446,32004,32261,32284,32320,0,779,31539.83,377590.88,14178.72,391769.6,32328.72,26319.48,3110863.53,2525195.01,5636058.55
2026/02/04,262,1696745,26441,171423429,202602,32475,32034,32423,32416,32455,0,262,31548.58,462410.84,14178.72,476589.56,32380.63,26379.53,3195905.51,2525195.01,5721100.53
2026/02/05,-356,-2269437,26085,166435572,202602,32166,31798,31907,31902,31959,0,-356,31548.58,186987.77,16730.67,203718.44,31874.12,26379.53,2883678.84,2564316.43,5447995.27
2026/02/06,-226,-1431800,25859,164411901,202602,31883,31220,31807,31789,31851,0,-226,31548.58,133649.71,17898.73,151548.44,31676.99,26379.53,2806976.69,2588260.93,5395237.63
2026/02/09,989,6489843,26848,175361079,202602,32836,32515,32651,32650,32710,0,989,31589.19,570149.63,17898.73,588048.36,32810.13,26616.42,3240329.09,2588260.93,5828590.03
2026/02/10,1339,9162720,28187,188294492,202602,33309,32879,33307,33303,33444,0,1339,31670.79,922395.39,17898.73,940294.12,34214.79,26977.37,3568264.31,2588260.93,6156525.25
2026/02/11,728,5153879,28915,195674575,202602,33843,33272,33691,33686,33849,0,728,31721.66,1138871.55,17898.73,1156770.28,35397.52,27189.37,3759893.53,2588260.93,6348154.47
2026/02/23,328,2238856,29243,198682790,202602,34369,33836,33840,0,33961,1,328,34102.5,-82757.69,1410359.07,1327601.38,34128.9,27267.2,3844165.03,2588260.93,6432425.97
2026/02/24,936,6519363,30179,210269165,202603,34956,34100,34827,34837,34921,0,936,34124.97,423731.07,0,423731.07,34825.66,27501.63,4421446.99,2588260.93,7009707.93
2026/02/25,858,6089098,31037,220294418,202603,35777,35065,35490,35489,35587,0,858,34162.71,823904.61,0,823904.61,35484.25,27722.3,4821719.13,2588260.93,7409980.07
2026/02/26,211,1503448,31248,222554505,202603,35755,35348,35604,35611,35715,0,211,34172.44,894668.97,0,894668.97,35626.73,27775.68,4892387.57,2588260.93,7480648.51
2026/03/02,197,1389067,31445,221611782,202603,35495,34722,35232,35238,35348,0,197,34179.08,662183.85,0,662183.85,35255.51,27822.54,4659809.83,2588260.93,7248070.77
2026/03/03,-752,-5170947,30693,210744276,202603,35320,34314,34325,34331,34446,0,-752,34179.08,89576.85,2194.7,91771.55,34381.3,27822.54,3991600.53,2686904.64,6678505.17
2026/03/04,-144,-946517,30549,200835236,202603,33666,32679,32834,32871,32950,0,-144,34179.08,-821814.59,-1679.12,-823493.71,32865.17,27822.54,3061902.26,2701427.43,5763329.69
2026/03/05,1542,10376589,32091,216075121,202603,34294,33392,33639,33666,33746,0,1542,34153.12,-329975.69,-1679.12,-331654.81,33646.53,28102.39,3553509.02,2701427.43,6254936.45
2026/03/06,275,1853176,32366,218166259,202603,33888,33296,33704,33703,33794,0,275,34149.31,-288257.39,-1679.12,-289936.51,33694.11,28149.9,3595281.72,2701427.43,6296709.15
2026/03/09,1041,6664515,33407,213150023,202603,32111,31124,31786,31902,31880,0,1041,34075.67,-1529817.15,-1679.12,-1531496.27,32010.16,28270.19,2349054.98,2701427.43,5050482.41
2026/03/10,1626,10644138,35033,229234932,202603,33329,32374,32696,32717,32771,0,1626,34011.63,-921809.75,-1679.12,-923488.87,32731.05,28477.23,2955922.5,2701427.43,5657349.93
2026/03/11,1538,10471271,36571,248712056,202603,34185,33277,33985,34004,34092,0,1538,34010.51,-18659.01,-1679.12,-20338.13,34041.84,28711.25,3857324.74,2701427.43,6558752.17
2026/03/12,-215,-1432385,36356,243672454,202603,33939,33326,33530,33512,33622,0,-215,34010.51,-349388.91,-3745.32,-353134.23,33311.28,28711.25,3503808.02,2721207.55,6225015.57
2026/03/13,240,1614446,36596,243773536,202603,33518,32663,33315,33304,33416,0,240,34005.95,-505719.71,-3745.32,-509465.03,33634.29,28743.54,3345944.62,2721207.55,6067152.17
2026/03/16,-1256,-7908724,35340,235617596,202603,33723,33077,33250,33264,33373,0,-1256,34005.95,-534305.06,-22734.77,-557039.83,31483.77,28743.54,3185167.49,2790042.28,5975209.77
2026/03/17,950,6754015,36290,246154181,202603,34017,33593,33795,33801,33910,0,950,34000.43,-149099.06,-22734.77,-171833.83,35547.45,28921.65,3537076.99,2790042.28,6327119.27
2026/03/18,711,4932381,37001,255736111,202603,34440,34100,34263,0,34551,1,711,34270,207945.62,176754.5,384700.12,34686.22,29032.42,3870733.15,2790042.28,6660775.43
2026/03/19,-694,-4661029,36307,243685322,202604,34083,33537,33553,33559,33655,0,-694,34270,-520642.38,-9951.96,-530594.34,33580.9,29032.42,3282573.31,2853175.18,6135748.49
2026/03/20,353,2370648,36660,246054588,202604,33888,33371,33559,33559,33658,0,353,34263.15,-516285.54,-9951.96,-526237.5,33578.58,29076.2,3286791.89,2853175.18,6139967.07
2026/03/23,801,5222296,37461,243938540,202604,32890,32213,32532,32559,32630,0,801,34226.14,-1269281.94,-9951.96,-1279233.9,32598.6,29151.51,2532728.53,2853175.18,5385903.71
2026/03/24,320,2097470,37781,247699792,202604,33393,32342,32771,32781,32870,0,320,34213.81,-1090218.36,-9951.96,-1100170.32,32772.97,29182.19,2711779.51,2853175.18,5564954.69
2026/03/25,1248,8390104,39029,262454413,202604,33880,33444,33638,33623,33733,0,1248,34195.4,-435095.82,-9951.96,-445047.78,33614.2,29323.91,3367496.13,2853175.18,6220671.31
2026/03/26,-545,-3639325,38484,257388689,202604,34024,33347,33440,33441,33558,0,-545,34195.4,-581416.79,-18185.83,-599602.62,33388.3,29323.91,3168075.86,2897477.11,6065552.97
2026/03/27,-315,-2087499,38169,252877258,202604,33243,32652,33120,33126,33250,0,-315,34195.4,-820939.37,-24960.85,-845900.22,33134.9,29323.91,2897862.86,2921486.41,5819349.27
2026/03/30,-699,-4543338,37470,243405120,202604,32712,32027,32468,32480,32591,0,-699,34195.4,-1294514.07,-49109.91,-1343623.98,32498.84,29323.91,2356184.66,2965872.01,5322056.67
2026/03/31,185,1183046,37655,240645574,202604,32451,31806,31979,31954,32105,0,185,34184.51,-1660970.67,-49109.91,-1710080.58,31974.22,29336.93,1989745.76,2965872.01,4955617.77
2026/04/01,1260,8409724,38915,259866587,202604,33411,32906,33402,33389,33528,0,1260,34159.18,-589309.37,-49109.91,-638419.28,33371.92,29467.57,3062165.06,2965872.01,6028037.07
2026/04/02,-902,-5871964,38013,247122513,202604,33687,32486,32487,32505,32632,0,-902,34159.18,-1271287.83,-79275.95,-1350563.78,32549.69,29467.57,2295550.08,3021473.41,5317023.49
2026/04/07,263,1745428,38276,253976571,202604,33377,32955,33159,33177,33287,0,263,34152.3,-760393.11,-79275.95,-839669.06,33183.04,29493.1,2806318.34,3021473.41,5827791.75
2026/04/08,2008,14041015,40284,282116909,202604,35060,34473,34996,35016,35122,0,2008,34194.36,645867.13,-79275.95,566591.18,34962.69,29765.74,4213916.44,3021473.41,7235389.85
2026/04/09,-330,-2296377,39954,279073858,202604,35100,34745,34932,34924,35055,0,-330,34194.36,589435.17,-74407.51,515027.66,34793.59,29765.74,4128255.6,3054657.23,7182912.83
2026/04/10,592,4223757,40546,288447793,202604,35580,35215,35567,35569,35697,0,592,34214.4,1096850.97,-74407.51,1022443.46,35673.62,29852,4634408.98,3054657.23,7689066.21
2026/04/13,-813,-4860007,39733,282674078,202604,35652,35225,35457,35460,35652,0,-813,34214.4,987445.09,-54202.83,933242.26,35460,29852,4454070.46,3145843.33,7599913.79
2026/04/14,1462,11417740,41195,301931092,202604,36430,35990,36381,36377,36639,0,1462,34291.29,1721710.93,-54202.83,1667508.1,39048.36,30178.37,5110342.74,3145843.33,8256186.07
2026/04/15,1050,7791248,42245,312486265,202604,37073,36618,36643,0,36977,1,1050,36845.5,111104.35,2103848.03,2214952.38,37101.18,30350.44,5316582.74,3145843.33,8462426.07
2026/04/16,380,2850983,42625,320957725,202605,37666,37086,37645,37649,37744,0,380,36852.63,675497.55,0,675497.55,37512.93,30414.29,6164176.24,3145843.33,9310019.57
2026/04/17,-333,-2468530,42292,313620555,202605,37388,37033,37083,37078,37151,0,-333,36852.63,194858.27,1534.28,196392.55,37065.02,30414.29,5640657.66,3190137.13,8830794.79
2026/04/20,-190,-1415764,42102,313575696,202605,37704,37209,37254,37240,37349,0,-190,36852.63,337971.69,3059.5,341031.19,37256.95,30414.29,5759305.42,3216139.21,8975444.63
2026/04/21,803,6108903,42905,326489888,202605,38159,37647,38048,38048,38132,0,803,36875,1006551.45,3059.5,1009610.95,38038,30556.98,6428045.76,3216139.21,9644184.97
2026/04/22,-1153,-8809784,41752,319118886,202605,38369,37925,38206,38216,38288,0,-1153,36875,1111438.39,33752.36,1145190.75,38203.75,30556.98,6387239.12,3392473.69,9779712.81
2026/04/23,-443,-3350687,41309,312717392,202605,39087,37408,37875,37851,37972,0,-443,36875,826180.15,42612.36,868792.51,37818.14,30556.98,6046003.21,3456807.56,9502810.77
2026/04/24,418,3287329,41727,327323279,202605,39244,38268,39224,39222,39309,0,418,36898.53,1940696.97,42612.36,1983309.33,39322.12,30644.78,7159699.77,3456807.56,10616507.33
2026/04/27,918,7306455,42645,340486209,202605,40458,39837,39888,39921,39982,0,918,36962.88,2494831.53,42612.36,2537443.89,39795.51,30841.77,7715532.51,3456807.56,11172340.07
2026/04/28,-72,-571697,42573,338310602,202605,40347,39661,39749,39733,39815,0,-72,36962.88,2372266.42,46624.37,2418890.79,39701.18,30841.77,7584152.99,3469565.12,11053718.11
2026/04/29,-378,-2989335,42195,333163281,202605,39790,39123,39490,39479,39550,0,-378,36962.88,2132633.28,65729.37,2198362.65,39541.47,30841.77,7298244.21,3535334.86,10833579.07
2026/04/30,122,960330,42317,332967083,202605,39937,39265,39360,39342,39424,0,122,36969.79,2022926.28,65729.37,2088655.65,39357.79,30866.32,7188542.61,3535334.86,10723877.47
2026/05/04,1789,14689787,44106,362163187,202605,41074,40167,41031,41056,41126,0,1789,37134.52,3437160.42,65729.37,3502889.79,41055.86,31279.62,8601887.23,3535334.86,12137222.09
2026/05/05,103,847586,44209,362814421,202605,41097,40798,41035,41034,41133,0,103,37143.61,3440688.9,65729.37,3506418.27,41144.95,31302.6,8605189.21,3535334.86,12140524.07
2026/05/06,889,7389663,45098,374439674,202605,42005,41038,41503,41514,41625,0,889,37229.55,3854485.14,65729.37,3920214.51,41561.66,31504.84,9017942.49,3535334.86,12553277.35
2026/05/07,1079,9143392,46177,391137661,202605,42468,42005,42340,42352,42477,0,1079,37348.96,4609425.66,65729.37,4675155.03,42369.75,31758.71,9772241.01,3535334.86,13307575.87
2026/05/08,130,1091788,46307,388339763,202605,42343,41539,41937,41931,42068,0,130,37361.84,4237239.04,65729.37,4302968.41,41991.85,31787.44,9399911.79,3535334.86,12935246.65
2026/05/11,302,2536729,46609,391226846,202605,42258,41802,41945,41969,42074,0,302,37391.54,4244648.16,65729.37,4310377.53,41998.82,31853.61,9406995.81,3535334.86,12942330.67
2026/05/12,-1744,-14638750,44865,374212188,202605,42363,41607,41695,41704,41818,0,-1744,37391.54,3861498.34,215834.19,4077332.53,41968.89,31853.61,8830682.98,3888156.09,12718839.07
2026/05/13,-278,-2304647,44587,369612235,202605,41604,40984,41469,41448,41563,0,-278,37391.54,3636037.83,238504.9,3874542.73,41450.49,31853.61,8574431.59,3941514.74,12515946.33
2026/05/14,-1471,-12240760,43116,359065039,202605,42238,41497,41602,41636,41727,0,-1471,37391.54,3630767.4,362376.75,3993144.15,41606.93,31853.61,8406235.25,4228457.66,12634692.91
2026/05/15,-1378,-11201104,41738,342437219,202605,42454,40976,41012,40998,41183,0,-1378,37391.54,3022218.61,462156.74,3484375.35,40642.61,31853.61,7645061.11,4470682.68,12115743.79
2026/05/18,-2015,-15660466,39723,325005673,202605,40990,40169,40807,40797,40965,0,-2015,37391.54,2713449.61,599799.94,3313249.55,38859.72,31853.61,7113113.52,4753028.97,11866142.49
2026/05/19,-1081,-8276244,38642,312246916,202605,40931,40188,40248,40240,40383,0,-1081,37391.54,2207589.71,661556.7,2869146.41,38280.5,31853.61,6487523.58,4891978.41,11379501.99
2026/05/20,341,2716751,38983,312830778,202605,40405,39881,40078,0,40134,1,341,40143,-7016.94,2806763.2,2799746.26,39835.06,31923.42,6357797.64,4891978.41,11249776.05
2026/05/21,1744,14484461,40713,337942328,202606,41666,40957,41473,41503,41474,0,1730,40199.52,1036947.8,0,1036947.8,41526.55,32331.48,7443570.47,4891978.41,12335548.88
2026/05/22,1334,11332982,42047,357021077,202606,42502,41790,42442,42455,42456,0,1334,40270.66,1825965.74,0,1825965.74,42477.44,32653.38,8231642.77,4891978.41,13123621.18
2026/05/25,971,8516758,43018,377439932,202606,44050,43004,43877,43870,43863,0,971,40352.06,3032714.64,0,3032714.64,43855.6,32906.24,9438807.21,4891978.41,14330785.62
2026/05/26,318,2789558,43336,380178061,202606,44280,43619,43893,43864,43890,0,318,40378.05,3046480.4,0,3046480.4,43860.97,32986.62,9452776.65,4891978.41,14344755.06
2026/05/27,1937,17332259,45273,405591753,202606,45299,44336,44798,44794,44800,0,1937,40567.15,3830862,0,3830862,44739.96,33489.49,10239406.87,4891978.41,15131385.28
2026/05/28,-506,-4443399,44767,392508103,202606,45348,43458,43842,43839,43865,0,-506,40567.15,2932100.8,33141.44,2965242.24,43907.1,33489.49,9269019.68,4997404.71,14266424.38
2026/05/29,2159,19562690,46926,425290338,202606,45471,44655,45285,45315,45300,0,2159,40784.22,4224076.42,33141.44,4257217.86,45304.98,34033.1,10560132.6,4997404.71,15557537.3
2026/06/01,1493,13757287,48419,445851836,202606,46465,45405,46035,46041,46059,0,1493,40946.12,4927966.42,33141.44,4961107.86,46072.63,34404.34,11262899,4997404.71,16260303.7
2026/06/02,1346,12411438,49765,458863159,202606,46228,45333,46087,46103,46105,0,1346,41085.17,4978322.18,33141.44,5011463.62,46104.9,34720.81,11312773,4997404.71,16310177.7
2026/06/03,1539,14425029,51304,480790314,202606,46994,46550,46868,46857,46893,0,1539,41258.64,5755651.48,33141.44,5788792.92,46864.94,35085.1,12090196.44,4997404.71,17087601.14
2026/06/04,554,5137607,51858,480308807,202606,46587,46140,46294,46310,46356,0,554,41312.43,5166681.56,33141.44,5199823,46368.29,35205.64,11500403.34,4997404.71,16497808.04
2026/06/05,302,2736439,52160,471797650,202606,45785,44655,45211,45226,45284,0,302,41335.01,4043437.28,33141.44,4076578.72,45305.28,35264.12,10376589.6,4997404.71,15373994.3
2026/06/08,1714,14788256,53874,464210722,202606,43655,42225,43080,43083,43107,0,1714,41390.52,1820378.08,33141.44,1853519.52,43139.6,35514.67,8151487.2,4997404.71,13148891.9
2026/06/09,1379,12342448,55253,493726125,202606,44750,43552,44665,44677,44729,0,1379,41472.25,3528183.88,33141.44,3561325.32,44751.44,35745.2,9856908.9,4997404.71,14854313.6
2026/06/10,-1067,-9206837,54186,470009386,202606,44481,43126,43422,43367,43457,0,-1067,41472.25,2112986.56,74749.18,2187735.74,43143.57,35745.2,8319496.51,5155285.74,13474782.24
2026/06/11,1126,9767228,55312,478214169,202606,43509,42050,43241,43219,43303,0,1126,41508.25,1916833.24,74749.18,1991582.42,43371.35,35900.45,8120407.71,5155285.74,13275693.44
2026/06/12,1799,16027469,57111,505385355,202606,44931,44045,44188,44217,44314,0,1799,41592.67,2964442.52,74749.18,3039191.7,44545.49,36172.77,9155154.33,5155285.74,14310440.06
2026/06/15,591,6304372,57702,528127292,202606,45905,45340,45580,45597,45817,0,591,41633.51,4554412.76,74749.18,4629161.94,45597,36269.3,10744923.63,5155285.74,15900209.36
2026/06/16,-808,-7049633,56894,521603673,202606,46198,45463,45772,45764,45849,0,-808,41633.51,4709110.37,141627.25,4850737.62,43623.97,36269.3,10812935.63,5274137.2,16087072.82
2026/06/17,189,1716077,57083,525289183,202606,45745,45113,45668,0,46031,1,189,45429,687279.32,4474791.75,5162071.07,45398.86,36299.52,10695613.45,5274137.2,15969750.64
2026/06/18,1514,14128307,58597,547905389,202607,46778,46260,46769,46752,47002,0,1514,45463.62,1529824.4,0,1529824.4,46658.87,36567.18,11955915.73,5274137.2,17230052.92
2026/06/22,2599,25149037,61196,592719977,202607,48476,47371,48413,48428,48660,0,2599,45588.88,3456493.76,0,3456493.76,48382.14,37068.97,13884189.13,5274137.2,19158326.32
2026/06/23,-1016,-9642948,60180,570951732,202607,48711,47404,47436,47437,47730,0,-1016,45588.88,2223190.49,37533.43,2260723.92,47455.45,37068.97,12477761.17,5485190.59,17962951.76
2026/06/24,577,5342714,60757,563892859,202607,47067,45898,46387,46407,46654,0,577,45596.46,960614.09,37533.43,998147.52,46297.35,37156.61,11216219.35,5485190.59,16701409.94
2026/06/25,164,1525268,60921,566869174,202607,46997,46091,46544,46527,46783,0,164,45599.01,1151391.07,37533.43,1188924.5,46502.07,37181.77,11407133.85,5485190.59,16892324.44
2026/06/26,326,2899272,61247,544488629,202607,45922,44264,44373,44452,44665,0,326,45592.49,-1493798.75,37533.43,-1456265.32,44467.36,37220.54,8761328.79,5485190.59,14246519.38
2026/06/29,1715,15591043,62962,573629487,202607,45637,44373,45550,45556,45803,0,1715,45591.33,-52044.37,37533.43,-14510.94,45454.94,37444.84,10206343.87,5485190.59,15691534.46
2026/06/30,3661,34211255,66623,623284247,202607,46883,45922,46730,46779,46948,0,3661,45653.9,1433858.83,37533.43,1471392.26,46723.92,37954.73,11692692.17,5485190.59,17177882.76
2026/07/01,571,5417639,67194,634562292,202607,47695,46895,47231,47221,47412,0,571,45667.3,2101421.29,37533.43,2138954.72,47439.92,38035.34,12357868.75,5485190.59,17843059.34
2026/07/02,-784,-7322059,66410,618989457,202607,46987,45780,46599,46606,46816,0,-784,45667.3,1237480.12,52142.44,1289622.56,46696.8,38035.34,11374258.34,5621002.42,16995260.76
2026/07/03,803,7553970,67213,631768956,202607,47084,45608,46966,47000,47181,0,803,45682.82,1724929.52,52142.44,1777071.96,47035.93,38142.87,11860584.7,5621002.42,17481587.12
2026/07/06,41,429810,67254,630500845,202607,47547,46581,46886,46874,47131,0,41,45683.55,1617388.72,52142.44,1669531.16,52415.85,38151.57,11748509.42,5621002.42,17369511.84
2026/07/07,933,8626983,68187,623241478,202607,47187,45599,45775,45695,45982,0,933,45684.8,123004.84,52142.44,175147.28,46232.49,38262.14,10245588.74,5621002.42,15866591.16
2026/07/08,1800,16578102,69987,638010709,202607,45960,45240,45564,45563,45824,0,1800,45681.7,-164744.3,52142.44,-112601.86,46050.28,38462.44,9940333.4,5621002.42,15561335.82
2026/07/09,1702,15869712,71689,655114460,202607,46158,45331,45678,45648,45987,0,1702,45681.61,-5173.94,52142.44,46968.5,46620.78,38656.13,10067811.68,5621002.42,15688814.1
2026/07/13,105,3737979,71794,657732697,202607,46378,45251,45617,45565,45980,0,105,45681.51,-92634.52,52142.44,-40492.08,45565,38666.24,9980460.3,5621002.42,15601462.72
2026/07/14,2079,20185928,73873,666967864,202607,45464,43852,44815,44790,45135,0,2079,45657.13,-1244210.28,52142.44,-1192067.84,48547.21,38944.32,8673699.44,5621002.42,14294701.86
2026/07/15,1773,16365789,75646,696941727,202607,45842,45033,45830,0,46050,1,1773,45437.5,926663.5,-280137,646526.5,46152.82,39113.27,10161874.24,5621002.42,15782876.66
2026/07/16,618,5654513,76264,696915685,202608,46248,45191,45700,45691,45949,0,618,45439.63,397141.5,0,397141.5,45748.49,39167.04,9964595.34,5621002.42,15585597.76
2026/07/17,-1049,-8920490,75215,640891972,202608,44512,42527,42725,42604,42975,0,-1049,45439.63,-4083613.62,-56952.88,-4140566.5,42519.02,39167.04,5352241.31,5691326.95,11043568.26
2026/07/20,-2769,-23729189,72446,618138251,202608,43500,42457,42641,42662,42898,0,-2769,45439.63,-4054986.85,-211940.85,-4266927.7,42847.94,39167.04,5033492.13,5895175.25,10928667.38
2026/07/21,3124,27686461,75570,670683750,202608,44404,43197,44377,44375,44597,0,3124,45395.7,-1539661.73,-211940.85,-1751602.58,44312.52,39379.75,7552846.11,5895175.25,13448021.36
2026/07/22,53,462014,75623,675237767,202608,45364,44613,44631,44645,44916,0,53,45395.16,-1155766.13,-211940.85,-1367706.98,43586.23,39382.7,7937849.17,5895175.25,13833024.42
2026/07/23,-131,-1176841,75492,678099341,202608,45339,44445,44930,44912,45101,0,-131,45395.16,-702321.86,-213159.58,-915481.44,44917.6,39382.7,8375540.78,5909676.69,14285217.46
2026/07/24,-1654,-14450541,73838,647027627,202608,44499,43640,43905,43814,44074,0,-1654,45395.16,-2200613.27,-262454.17,-2463067.44,43683.62,39382.7,6678356.97,6051951.19,12730308.16
2026/07/27,273,2386548,74111,650398136,202608,44083,43176,43907,43880,44040,0,273,45389.68,-2197659.75,-262454.17,-2460113.92,43709.67,39398.64,6682387.91,6051951.19,12734339.1
2026/07/28,775,6574466,74886,622647136,202608,42627,41516,41613,41573,41748,0,775,45350.6,-5597872.43,-262454.17,-5860326.6,42415.91,39429.86,3269730.13,6051951.19,9321681.32
2026/07/29,-144,-982986,74742,602839076,202608,42070,39442,40392,40328,40524,0,-144,45350.6,-7412307.79,-276734.93,-7689042.72,40328,39429.86,1438243.06,6054537.83,7492780.88
2026/07/30,1115,8986390,75857,611195020,202608,41266,39701,40270,40286,40416,0,1115,45275.92,-7594678.27,-276734.93,-7871413.2,40297.71,39442.62,1255254.58,6054537.83,7309792.4
2026/07/31,9468,82800618,85325,746201255,202608,43951,42305,43678,43727,43836,0,9468,45098.61,-2424265.15,-276734.93,-2701000.08,43726.56,39917.98,6416471.98,6054537.83,12471009.8
2026/08/03,-1425,-12331119,83900,725214820,202608,43836,42989,43230,43219,43388,0,-1425,45098.61,-3135521.86,-329990.22,-3465512.08,43267.08,39917.98,5557567.44,6149987.26,11707554.7
2026/08/04,-1352,-11699314,82548,715592103,202608,43790,42553,43357,43344,43474,0,-1352,45098.61,-2875322.82,-377083.26,-3252406.08,43266.69,39917.98,5677682.37,6240536.45,11918218.82
2026/08/05,2027,18049357,84575,753343355,202608,44923,44219,44514,44537,44624,0,2027,45084.6,-965162.1,-377083.26,-1342245.36,44522.34,40028.33,7587504.95,6240536.45,13828041.4
2026/08/06,-412,-3642654,84163,744980643,202608,44494,43843,44280,44258,44300,0,-412,45084.6,-1354343.23,-383713.13,-1738056.36,44206.97,40028.33,7156660.22,6274968.38,13431628.6
2026/08/07,-1086,-9581789,83077,736063028,202608,44744,43923,44349,44297,44438,0,-1086,45084.6,-1222221.16,-399690.26,-1621911.42,44115.05,40028.33,7178960.29,6363731.88,13542692.16
2026/08/10,674,6114106,83751,753701288,202608,45219,44668,44987,44990,45113,0,674,45083.81,-162158.64,-399690.26,-561848.9,45356.87,40071.22,8234036.97,6363731.88,14597768.84
2026/08/11,-333,-2933460,83418,752362444,202608,45200,44570,45090,45085,45215,0,-333,45083.81,10327.19,-399649.03,-389321.84,44045.95,40071.22,8373138.92,6390203.58,14763342.5
2026/08/12,-1035,-9277806,82383,750270367,202608,45561,45156,45528,45516,45673,0,-1035,45083.81,731874.14,-390454.3,341419.84,44820.32,40071.22,8990925.17,6488510.02,15479435.18
2026/08/13,-56,-394438,82327,758287823,202608,46250,45840,46005,46025,46174,0,-56,45083.81,1516776.22,-389422.56,1127353.66,46025,40071.22,9770213.15,6495178.25,16265391.4
2026/08/14,-1992,-18048898,80335,736622638,202608,46470,45676,45841,45812,45972,0,-1992,45083.81,1216577.21,-359256.11,857321.1,45303.46,40071.22,9270312.38,6703630.82,15973943.2
2026/08/17,-2322,-20254308,78013,717130598,202608,46140,45738,45888,45867,46033,0,-2322,45083.81,1254745.53,-321909.53,932836,43613.93,40071.22,9075695.82,6868154.36,15943850.18
2026/08/18,-1901,-16587015,76112,687631564,202608,45977,45070,45085,45088,45166,0,-1901,45083.81,1811.5,-321864.28,-320052.78,43627.08,40071.22,7632182.96,7003348.24,14635531.2
2026/08/19,-1243,-11053027,74789,665622100,202608,44869,44208,44612,0,44528,1,-1323,44538.5,-15705.69,-1137528.04,-1153233.73,44461.09,40071.22,6792014.29,7119504.31,13911518.61
2026/08/20,1036,9297307,75825,680953995,202609,45122,44448,44868,44903,45029,0,1036,44543,492859.51,0,492859.51,44871.17,40136.8,7174868.23,7119504.31,14294372.55
2026/08/21,491,4431333,76316,688950322,202609,45294,44566,45148,45138,45280,0,491,44546.89,917479.51,0,917479.51,45125.59,40168.89,7599708.29,7119504.31,14719212.61
2026/08/24,-508,-4539183,75808,678329984,202609,45292,44609,44762,44740,44900,0,-508,44546.89,326134.52,2185.47,328319.99,44677,40168.89,6963882.82,7165306.65,14129189.47
2026/08/25,501,4509668,76309,687269377,202609,45095,44146,45027,45032,45226,0,501,44550.05,727916.92,2185.47,730102.39,45006.67,40200.66,7365868.96,7165306.65,14531175.61
2026/08/26,1734,15946429,78043,718042425,202609,46027,44865,46011,46003,46146,0,1734,44582.51,2229678.04,2185.47,2231863.51,45981.63,40329.1,8868648.66,7165306.65,16033955.31
2026/08/27,-1209,-11131885,76834,707856275,202609,46517,46006,46078,46064,46258,0,-1209,44582.51,2298094.63,38346.5,2336441.13,46037.57,40329.1,8834217.91,7303337.48,16137555.39
2026/08/28,-82,-760027,76752,711598492,202609,46580,46215,46357,46357,46502,0,-82,44582.51,2723918.18,41256.67,2765174.85,46343.11,40329.1,9253065.87,7313200.46,16566266.33
2026/08/31,-874,-8035136,75878,697728561,202609,46060,45415,45983,45977,46116,0,-874,44582.51,2125332.6,65737.29,2191069.89,45967.6,40329.1,8580130.76,7411761.37,15991892.13
2026/09/01,149,1403043,76027,717710086,202609,47220,45987,47209,47201,47364,0,149,44587.65,3985861.16,65737.29,4051598.45,47081.98,40342.34,10441037.84,7411761.37,17852799.21
2026/09/02,-965,-8910387,75062,693047446,202609,46746,46131,46189,46165,46365,0,-965,44587.65,2404004.38,96643.27,2500647.65,46167.81,40342.34,8777246.42,7524192.99,16301439.41
2026/09/03,-673,-6166535,74389,681685918,202609,46472,45714,45837,45819,45997,0,-673,44587.65,1858751.71,113459.46,1972211.17,45813.78,40342.34,8174851.76,7597838.65,15772690.41
2026/09/04,1785,16681124,76174,711602273,202609,46756,46057,46704,46709,46886,0,1785,44637.25,3148656.97,113459.46,3262116.43,46725.84,40491.92,9463977.42,7597838.65,17061816.07
2026/09/07,-728,-6903410,75446,716167592,202609,47572,47093,47470,47462,47667,0,-728,44637.25,4274397.76,154704.35,4429102.11,47413.53,40491.92,10529362.27,7698617.28,18227979.55
2026/09/08,-848,-7903716,74598,700604448,202609,47593,46934,46980,46955,47150,0,-848,44637.25,3495293.87,194437.44,3689731.31,46602.1,40491.92,9679953.66,7802245.89,17482199.55
2026/09/09,221,2172471,74819,706111187,202609,47592,47054,47187,47178,47358,0,221,44644.78,3804129.59,194437.44,3998567.03,49150.93,40517.5,9980108.82,7802245.89,17782354.71
2026/09/10,-336,-3071627,74483,698404569,202609,46950,46506,46870,46869,47050,0,-336,44644.78,3314823.64,209390.93,3524214.57,45708.74,40517.5,9463067.55,7837131,17300198.55
2026/09/11,204,2067945,74687,690334569,202609,46340,45780,46218,46187,46380,0,204,44649.08,2343565.32,209390.93,2552956.25,50684.93,40545.27,8473584.17,7837131,16310715.17
2026/09/14,-239,-1194521,74448,682824352,202609,46018,45302,45780,45777,45902,0,-239,44649.08,1683901.38,214796.75,1898698.13,45777,40545.27,7794304.04,7862138.67,15656442.71
2026/09/15,-2031,-18032448,72417,662262074,202609,45964,45512,45607,45592,45740,0,-2031,44649.08,1387400.41,253707.64,1641108.05,44393.03,40545.27,7331106.47,8018434.61,15349541.09
2026/09/16,629,5820573,73046,672899752,202609,46093,45518,45759,0,46078,1,629,45805.5,398100.7,1943151.36,2341252.06,46268.47,40594.55,7544845.07,8018434.61,15563279.69
2026/09/17,980,9120628,74026,687834786,202610,47037,46376,46445,46459,46613,0,980,45813.97,934258.34,0,934258.34,46533.82,40673.18,8545295.39,8018434.61,16563730.01
2026/09/18,1084,10280950,75110,712463416,202610,47464,46897,47418,47428,47581,0,1084,45837.12,2374804.3,0,2374804.3,47421.36,40770.57,9985768.59,8018434.61,18004203.21
2026/09/21,-1091,-10475583,74019,711367002,202610,48091,47496,48077,48053,48205,0,-1091,45837.12,3315879.83,48874.27,3364754.1,48009.09,40770.57,10816292.1,8176379.07,18992671.17
2026/09/22,-42,-408691,73977,713508165,202610,48946,48034,48243,48225,48395,0,-42,45837.12,3559601.96,50895.22,3610497.18,48653.69,40770.57,11055758.34,8183000.89,19238759.23
2026/09/23,-418,-4037072,73559,710756482,202610,48623,48223,48336,48312,48508,0,-418,45837.12,3676308.51,71785.89,3748094.4,48290.33,40770.57,11130108.57,8245866.12,19375974.69
2026/09/24,-695,-6690382,72864,701316000,202610,48275,47797,48123,48125,48258,0,-695,45837.12,3331173.38,103559.68,3434733.06,48132.24,40770.57,10714548.46,8348193.39,19062741.85
2026/09/29,-52,-496407,72812,695806034,202610,48194,47630,47767,47781,47930,0,-52,45837.12,2810374.62,105566.76,2915941.38,47731.44,40770.57,10188480.49,8355432.69,18543913.19
2026/09/30,1027,9925745,73839,713727774,202610,48646,48230,48330,48330,48494,0,1027,45871.79,3630237.74,105566.76,3735804.5,48323.98,40875.63,11008467.31,8355432.69,19363900.01
2026/10/01,776,7557797,74615,726720254,202610,48719,48168,48685,48698,48858,0,776,45901.05,4154494.64,105566.76,4260061.4,48697.15,40956.97,11532535.71,8355432.69,19887968.41
2026/10/02,54,526118,74669,726813112,202610,48802,48472,48671,48669,48841,0,54,45903.05,4133602.44,105566.76,4239169.2,48714.63,40962.58,11511596.39,8355432.69,19867029.09
2026/10/05,475,4741499,75144,750598387,202610,50097,49461,49949,49944,50125,0,475,45928.62,6042142.08,105566.76,6147708.84,49910.52,41019.14,13420501.63,8355432.69,21775934.33
2026/10/06,1064,10664012,76208,763329811,202610,50194,49720,50060,50082,50244,0,1064,45986.31,6208961.76,105566.76,6314528.52,50112.84,41146.11,13586196.91,8355432.69,21941629.61
2026/10/07,60,600713,76268,762191885,202610,50117,49842,49979,49968,50143,0,60,45989.45,6085504.8,105566.76,6191071.56,50059.42,41153.12,13462643.45,8355432.69,21818076.15
2026/10/08,71,701854,76339,753572804,202610,49692,49333,49349,49357,49546,0,71,45992.57,5124528,105566.76,5230094.76,49426.34,41160.82,12501556.83,8355432.69,20856989.53
